Train type,Terrain,Diesel fuel consumption (L per thousand GTK),Source/Comments
Container Train,Flat,4.00,Australian Transport Assessment and Planning (ATAP) Freight Rail Parameter Values (PV3)
Container Train,Curvy,6.00,Australian Transport Assessment and Planning (ATAP) Freight Rail Parameter Values (PV3)
Container Train,Hilly,6.00,Australian Transport Assessment and Planning (ATAP) Freight Rail Parameter Values (PV3)
Container Train,Mountain,8.00,Australian Transport Assessment and Planning (ATAP) Freight Rail Parameter Values (PV3)
General purpose train,Flat,4.00,Australian Transport Assessment and Planning (ATAP) Freight Rail Parameter Values (PV3)
General purpose train,Curvy,4.50,Australian Transport Assessment and Planning (ATAP) Freight Rail Parameter Values (PV3)
General purpose train,Hilly,5.00,Australian Transport Assessment and Planning (ATAP) Freight Rail Parameter Values (PV3)
General purpose train,Mountain,6.00,Australian Transport Assessment and Planning (ATAP) Freight Rail Parameter Values (PV3)
Grain train,Flat,5.00,Australian Transport Assessment and Planning (ATAP) Freight Rail Parameter Values (PV3)
Grain train,Curvy,4.50,Australian Transport Assessment and Planning (ATAP) Freight Rail Parameter Values (PV3)
Grain train,Hilly,5.00,Australian Transport Assessment and Planning (ATAP) Freight Rail Parameter Values (PV3)
Grain train,Mountain,6.00,Australian Transport Assessment and Planning (ATAP) Freight Rail Parameter Values (PV3)
Heavy haul mineral,Flat,3.00,Australian Transport Assessment and Planning (ATAP) Freight Rail Parameter Values (PV3)
Heavy haul mineral,Curvy,3.50,Australian Transport Assessment and Planning (ATAP) Freight Rail Parameter Values (PV3)
Heavy haul mineral,Hilly,3.70,Australian Transport Assessment and Planning (ATAP) Freight Rail Parameter Values (PV3)
Heavy haul mineral,Mountain,5.00,Australian Transport Assessment and Planning (ATAP) Freight Rail Parameter Values (PV3)
