Jurisdiction,Mastertype,Typecast,Material share of CAPEX - Low,Material share of CAPEX - Mid,Material share of CAPEX - High,Product stage (A1-A3) Emission intensity (tCO2e/$ material spend) - Low,Product stage (A1-A3) Emission intensity (tCO2e/$ material spend) - Mid,Product stage (A1-A3) Emission intensity (tCO2e/$ material spend) - High,transport (A4) Emission intensity (tCO2e/$ material spend) - Low,transport (A4) Emission intensity (tCO2e/$ material spend) - Mid,transport (A4) Emission intensity (tCO2e/$ material spend) - High,Construction (A5) Emission intensity (tCO2e/$ material spend) - Low,Construction (A5) Emission intensity (tCO2e/$ material spend) - Mid,Construction (A5) Emission intensity (tCO2e/$ material spend) - High,Source/Comments
New Zealand,Road,Road/Busway/Path,0.17,0.2,0.28,0.000431,0.000517,0.000718,0.000036,0.000043,0.00006,0.000179,0.000215,0.000299,New Zealand Transport Agency & KiwiRail Project Emissions Estimation Tool (PEET) Version 6.0
New Zealand,Road,Bridge only ,0.23,0.31,0.39,0.00127,0.0017,0.00212,0.000054,0.000073,0.000091,0.000122,0.000163,0.000203,New Zealand Transport Agency & KiwiRail Project Emissions Estimation Tool (PEET) Version 6.0
New Zealand,Road,Intersection improvements,0.23,0.31,0.38,0.000115,0.000153,0.000191,0.000026,0.000035,0.000043,0.000142,0.000189,0.000236,New Zealand Transport Agency & KiwiRail Project Emissions Estimation Tool (PEET) Version 6.0
New Zealand,Road,Tunnel,0.2,0.26,0.33,0.000516,0.000688,0.00086,0.000037,0.000049,0.000061,0.000192,0.000256,0.00032,New Zealand Transport Agency & KiwiRail Project Emissions Estimation Tool (PEET) Version 6.0
New Zealand,Road,Safety and traffic flow improvements,0.23,0.31,0.38,0.000115,0.000153,0.000191,0.000026,0.000035,0.000043,0.000142,0.000189,0.000236,New Zealand Transport Agency & KiwiRail Project Emissions Estimation Tool (PEET) Version 6.0
Australia,Transport Building,Parking Facility,0.19,0.26,0.32,0.000341,0.000455,0.000569,0.000018,0.000024,0.00003,0.000051,0.000068,0.000085,Infrastructure and Transport Ministers Embodied Carbon Databook (ECD) 2026.
Australia,Transport Building,Warehouse,0.29,0.38,0.48,0.000404,0.000538,0.000673,0.000023,0.00003,0.000038,0.000057,0.000076,0.000095,Infrastructure and Transport Ministers Embodied Carbon Databook (ECD) 2026.
Australia,Rail,Bridge (Rail),0.23,0.31,0.39,0.00127,0.0017,0.00212,0.000061,0.000081,0.000102,0.000134,0.000179,0.000224,Infrastructure and Transport Ministers Embodied Carbon Databook (ECD) 2026.
Australia,Rail,Light Rail,0.3,0.4,0.5,0.000478,0.000637,0.000797,0.000035,0.000047,0.000059,0.000175,0.000234,0.000292,Infrastructure and Transport Ministers Embodied Carbon Databook (ECD) 2026.
Australia,Rail,"Light Rail, Stabling, and Signalling Works",0.31,0.41,0.51,0.00048,0.00064,0.0008,0.000039,0.000052,0.000065,0.000115,0.000154,0.000192,Infrastructure and Transport Ministers Embodied Carbon Databook (ECD) 2026.
Australia,Rail,Main Line Works (Rail),0.14,0.18,0.23,0.000228,0.000304,0.00038,0.00002,0.000027,0.000034,0.000173,0.000231,0.000289,Infrastructure and Transport Ministers Embodied Carbon Databook (ECD) 2026.
Australia,Rail,Station (Rail),0.33,0.45,0.56,0.000684,0.000911,0.00114,0.000037,0.00005,0.000062,0.000104,0.000139,0.000173,Infrastructure and Transport Ministers Embodied Carbon Databook (ECD) 2026.
Australia,Rail,tunnel (Rail),0.13,0.18,0.22,0.000646,0.000861,0.00108,0.00004,0.000053,0.000067,0.000171,0.000227,0.000284,Infrastructure and Transport Ministers Embodied Carbon Databook (ECD) 2026.
Australia,Road,Bridge (Road),0.23,0.31,0.39,0.00127,0.0017,0.00212,0.000054,0.000073,0.000091,0.000122,0.000163,0.000203,Infrastructure and Transport Ministers Embodied Carbon Databook (ECD) 2026.
Australia,Road,Low Use Road,0.18,0.23,0.29,0.000343,0.000457,0.000572,0.000033,0.000045,0.000056,0.000152,0.000203,0.000253,Infrastructure and Transport Ministers Embodied Carbon Databook (ECD) 2026.
Australia,Road,Low Use Road Rehabilitation Maintenance,0.2,0.27,0.34,0.000104,0.000138,0.000173,0.000028,0.000037,0.000046,0.000175,0.000234,0.000292,Infrastructure and Transport Ministers Embodied Carbon Databook (ECD) 2026.
Australia,Road,Routine Road Maintenance,0.25,0.33,0.42,0.000137,0.000183,0.000229,0.000025,0.000033,0.000041,0.000209,0.000278,0.000348,Infrastructure and Transport Ministers Embodied Carbon Databook (ECD) 2026.
Australia,Road,State Road (Highway/Freeway),0.17,0.2,0.28,0.000431,0.000517,0.000718,0.000036,0.000043,0.00006,0.000179,0.000215,0.000299,Infrastructure and Transport Ministers Embodied Carbon Databook (ECD) 2026.
Australia,Road,State Road (Highway/Freeway) Rehabilitation Maintenance,0.23,0.31,0.38,0.000115,0.000153,0.000191,0.000026,0.000035,0.000043,0.000142,0.000189,0.000236,Infrastructure and Transport Ministers Embodied Carbon Databook (ECD) 2026.
Australia,Road,tunnel (Road),0.2,0.26,0.33,0.000516,0.000688,0.00086,0.000037,0.000049,0.000061,0.000192,0.000256,0.00032,Infrastructure and Transport Ministers Embodied Carbon Databook (ECD) 2026.
Australia,Road/Rail,Level Crossing,0.23,0.3,0.38,0.000694,0.000926,0.00116,0.000033,0.000044,0.000056,0.000137,0.000183,0.000228,Infrastructure and Transport Ministers Embodied Carbon Databook (ECD) 2026.
