Vehicle type,A,B,,
Small Car,7.93,117.13,,
Medium Car,8.80,179.69,,
Large Car,10.49,255.01,,
Courier Van-Utility,8.08,226.19,,
4WD Mid Size Petrol,11.54,246.25,,
Light Rigid,16.06,147.31,,
Medium Rigid,28.54,158.84,,
Heavy Rigid,45.51,535.16,,
Heavy Bus,38.33,661.07,,
Artic 4 Axle,63.96,458.94,,
Artic 5 Axle,68.70,507.31,,
Artic 6 Axle,75.40,547.89,,
Rigid + 5 Axle Dog,90.12,616.44,,
B-Double,96.36,651.91,,
Twin steer + 5 Axle Dog,96.58,659.12,,
A-Double,112.04,723.66,,
B Triple,117.09,745.89,,
A B Combination,131.05,798.26,,
A-Triple,145.72,855.75,,
Double B-Double,150.81,877.32,,
