Jurisdiction,Emissions Sub-Category,Emissions Source,Recycled Content (%),Source/Notes
Australia,Aggregate,Ballast,,
Australia,Aggregate,Crushed Rock,,
Australia,Aggregate,Crushed Slag Aggregate,,
Australia,Aggregate,General Fill,,
Australia,Aggregate,General Sand,,
Australia,Aggregate,Gravel,,
Australia,Aggregate,Recycled Aggregates,100%,
Australia,Aggregate,Stabilised sand,,
Australia,Aluminium - extruded,Extruded aluminium - anodised,,
Australia,Aluminium - extruded,Extruded aluminium - powder coated,,
Australia,Aluminium - extruded,Extruded aluminium - uncoated,,
Australia,Cladding/roofing,Aluminium sheeting,,
Australia,Cladding/roofing,Clay and terracotta roof tiles,,
Australia,Cladding/roofing,Concrete roof tiles,,
Australia,Cladding/roofing,Fibre cement board,,
Australia,Cladding/roofing,Glassfibre reinforced concrete cladding,,
Australia,Cladding/roofing,Steel sheeting - metallic coat,,
Australia,Cladding/roofing,Steel sheeting - painted,,
Australia,Curtain wall,AAC and steel based system - generic ,,
Australia,Curtain wall,"Curtain wall, Aluminium unitised type 1: 100% DGU 8T-16-44.2",,
Australia,Curtain wall,"Curtain wall, Aluminium unitised type 2: aluminium cladding, 50% DGU 8T-16-44.2",,
Australia,Curtain wall,"Curtain wall, Aluminium unitised type 3: aluminium cladding with vertical fins, 50% DGU 8T-16-44.2",,
Australia,Curtain wall,"Curtain wall, Aluminium unitised type 4: aluminium cladding, 50% TGU 8T-16-6-16-44.2",,
Australia,Curtain wall,"Curtain wall, Aluminium unitised type 5: insulated shadow box, 50% DGU 8T-16-44.2",,
Australia,Curtain wall,"Curtain wall, Aluminium unitised type 6: GRC cladding, 50% DGU 8T-16-44.2",,
Australia,Curtain wall,"Curtain wall, Aluminium unitised type 7: opaque panel, 100% aluminium cladding",,
Australia,Curtain wall,"Curtain wall, Double skin type 1: deep cavity aluminium façade, 100% single + DGU 66.2 + 8T-16-44.2",,
Australia,Curtain wall,"Curtain wall, Double skin type 2: narrow cavity aluminium façade, 100% single + DGU 66.2 + 8T-16-44.2",,
Australia,Curtain wall,Wall system steel frame - 1 side plasterboard (150 mm stud),,
Australia,Curtain wall,Wall system steel frame - 1 side plasterboard (92mm stud),,
Australia,Curtain wall,Wall system steel frame - 2 sides plasterboard (150 mm stud),,
Australia,Curtain wall,Wall system steel frame - 2 sides plasterboard (92mm stud),,
Australia,Curtain wall,Wall system timber frame - 1 side plasterboard ,,
Australia,Curtain wall,Wall system timber frame - 2 sides plasterboard ,,
Australia,External shading system,Aluminium frame shading system,,
Australia,External shading system,Steel frame shading system,,
Australia,Glass,Glass (treated or untreated),,
Australia,Wall louvre system,Aluminium louvre ,,
Australia,Windows & doors,Door - aluminium with glazing - generic,,
Australia,Windows & doors,Door - fully glazed - minor aluminium frame - generic,,
Australia,Windows & doors,Door - steel solid - generic,,
Australia,Windows & doors,Door - steel with glazing - generic,,
Australia,Windows & doors,Door - timber solid - generic,,
Australia,Windows & doors,Door - timber with glazing - generic,,
Australia,Windows & doors,"Revolving door - glass, aluminium, steel - generic",,
Australia,Windows & doors,Window - Aluminium frame - Generic,,
Australia,Windows & doors,Window - Timber frame - Generic,,
Australia,Ceilings & walls,AAC panel (inc. reinforced),,
Australia,Ceilings & walls,Ceiling system aluminium frame suspended (powder coated aluminium),,
Australia,Ceilings & walls,Ceiling system steel frame suspended (fibre cement),,
Australia,Ceilings & walls,Ceiling system steel frame suspended (mineral tile),,
Australia,Ceilings & walls,Ceiling system steel frame suspended (plasterboard),,
Australia,Ceilings & walls,Fibre cement sheet,,
Australia,Ceilings & walls,MDF (Medium Density Fibreboard),,
Australia,Ceilings & walls,Particleboard wall/ceiling,,
Australia,Ceilings & walls,Plasterboard,,
Australia,Ceilings & walls,Steel frame,,
Australia,Ceilings & walls,Timber framing,,
Australia,Floors,Access flooring,,
Australia,Floors,Carpet flooring,,
Australia,Floors,Epoxy flooring,,
Australia,Floors,Hybrid flooring,,
Australia,Floors,Laminate flooring,,
Australia,Floors,Linoleum flooring,,
Australia,Floors,Rubber flooring,,
Australia,Floors,Vinyl flooring,,
Australia,Stick-framed wall /ceiling system,Ceiling tile,,
Australia,Wall ceiling Insulated Panel,Structural insulated panels>100mm,,
Australia,Wall ceiling Insulated Panel,Structural insulated panels≤100mm,,
Australia,Windows & doors,Roller doors,,
Australia,Building and MEP services,"High rise office, hotel or retail building (>10 floors)",,
Australia,Building and MEP services,Hospital or high services intensity building,,
Australia,Building and MEP services,"Low or mid rise office, hotel or retail building (≤10 floors)",,
Australia,Building and MEP services,Residential building,,
Australia,Building and MEP services,Warehouse or industrial building,,
Australia,Escalator,Escalator,,
Australia,Lifts,Lift (elevator) for 10+ floors,,
Australia,Lifts,Lift (elevator) for 4-10 floors,,
Australia,Lifts,Lift (elevator) for less than 4 floors,,
Australia,Photovoltaic panels,Photovoltaic panel (monocrystalline),,
Australia,Photovoltaic panels,Photovoltaic panel (polycrystalline),,
Australia,Concrete components,General concrete admixtures,,
Australia,Concrete components,Coarse Aggregates,,
Australia,Concrete components,Concrete production process,,
Australia,Concrete components,Fine Aggregates,,
Australia,Concrete components,Fly ash,100%,
Australia,Concrete components,Silica fume,,
Australia,Concrete components,General purpose cement,,
Australia,Concrete components,GGBF slag,,
Australia,Concrete components,Manufactured sand,,
Australia,Concrete components,Mortar or screed (1:3 cement: sand mix) (Using CEM I cement),,
Australia,Concrete components,Mortar or screed (1:4 cement:sand mix) (Using CEM I cement),,
Australia,Concrete components,Portland Cement,,
Australia,Concrete components,Recycled Aggregates,100%,
Australia,Concrete components,Steel fibres for concrete reinforcement,,
Australia,Concrete in-situ,"Normal class: Concrete in-situ, >10 MPa to ≤20 MPa",,
Australia,Concrete in-situ,"Normal class: Concrete in-situ, >20 MPa to ≤25 MPa",,
Australia,Concrete in-situ,"Normal class: Concrete in-situ, >25 MPa to ≤32 MPa",,
Australia,Concrete in-situ,"Normal class: Concrete in-situ, >32 MPa to ≤40 MPa",,
Australia,Concrete in-situ,"Normal class: Concrete in-situ, >40 MPa to ≤50 MPa",,
Australia,Concrete in-situ,"Normal class: Concrete in-situ, >50 MPa to ≤65 MPa",,
Australia,Concrete in-situ,"Normal class: Concrete in-situ, >65 MPa to ≤80 MPa",,
Australia,Concrete in-situ,"Normal class: Concrete in-situ, >80 MPa +",,
Australia,Concrete in-situ,"Normal class: Concrete in-situ, ≤10 MPa",,
Australia,Precast concrete,Autoclaved aerated concrete (AAC) block (no fill or reinforcing),,
Australia,Precast concrete,Hollow core - precast concrete (inc. reinforcing),,
Australia,Precast concrete,Precast concrete block (exc. core fill or reinforcing),,
Australia,Precast concrete,Wall panel - Precast concrete panel (inc. reinforcing),,
Australia,Masonry,Clay brick,,
Australia,Masonry,Stone brick,,
Australia,Paint,Paint - solvent based,,
Australia,Paint,Paint - Water based,,
Australia,Asphalt,General Asphalt,,
Australia,Asphalt,"Hot mix asphalt, <2.5% virgin bitumen (>60% RAP)",60%,
Australia,Asphalt,"Hot mix asphalt, 2.5-3.4% virgin bitumen (40-60% RAP)",50%,
Australia,Asphalt,"Hot mix asphalt, 3.5% virgin bitumen (40% RAP)",40%,
Australia,Asphalt,"Hot mix asphalt, 3.75% virgin bitumen (35% RAP)",35%,
Australia,Asphalt,"Hot mix asphalt, 4% virgin bitumen (30% RAP)",30%,
Australia,Asphalt,"Hot mix asphalt, 4.25% virgin bitumen (25% RAP)",25%,
Australia,Asphalt,"Hot mix asphalt, 4.5% virgin bitumen (20% RAP)",20%,
Australia,Asphalt,"Hot mix asphalt, 5% virgin bitumen (10% RAP)",10%,
Australia,Asphalt,"Hot mix asphalt, 5.25% virgin bitumen (5% RAP)",5%,
Australia,Asphalt,"Hot mix asphalt, standard mix, 5.5% virgin bitumen (0% RAP)",,
Australia,Asphalt,"Warm mix asphalt, <2.5% virgin bitumen (>60% RAP)",60%,
Australia,Asphalt,"Warm mix asphalt, 2.5-3.4% virgin bitumen (40-60% RAP)",50%,
Australia,Asphalt,"Warm mix asphalt, 3.5% virgin bitumen (40% RAP)",40%,
Australia,Asphalt,"Warm mix asphalt, 3.75% virgin bitumen (35% RAP)",35%,
Australia,Asphalt,"Warm mix asphalt, 4% virgin bitumen (30% RAP)",30%,
Australia,Asphalt,"Warm mix asphalt, 4.25% virgin bitumen (25% RAP)",25%,
Australia,Asphalt,"Warm mix asphalt, 4.5% virgin bitumen (20% RAP)",20%,
Australia,Asphalt,"Warm mix asphalt, 4.75% virgin bitumen (15% RAP)",15%,
Australia,Asphalt,"Warm mix asphalt, 5% virgin bitumen (10% RAP)",10%,
Australia,Asphalt,"Warm mix asphalt, 5.25% virgin bitumen (5% RAP)",5%,
Australia,Asphalt,"Warm mix asphalt, standard mix, 5.5% virgin bitumen (0% RAP)",,
Australia,Bitumen,Bitumen,,
Australia,Bitumen,Cutback bitumen,,
Australia,Pavers,Ceramic paver/tile,,
Australia,Pavers,Concrete paver/tile,,
Australia,Pavers,Stone paver/tile,,
Australia,Geopolymer pipes,Geopolymer pipes,,
Australia,PE Pipes,HDPE Pipes,,
Australia,PVC Pipes,PVC Pipes,,
Australia,Steel pipes,Steel pipe (welded),,
Australia,Rubbers,Synthetic rubber,,
Australia,Sealants and adhesives,Sealants and adhesives - Epoxy Resin,,
Australia,Thermoplastics,High density polyethylene,,
Australia,Thermoplastics,Low density polyethylene,,
Australia,Thermoplastics,Nylon 6,,
Australia,Thermoplastics,Polycarbonate,,
Australia,Thermoplastics,Polyethylene,,
Australia,Thermoplastics,Polypropylene,,
Australia,Thermoplastics,"Polystyrene, expanded",,
Australia,Thermoplastics,"Polystyrene, general purpose",,
Australia,Thermoplastics,"Polyurethane, flexible foam",,
Australia,Thermoplastics,PVC General,,
Australia,Cold rolled steel,"Hot rolled lightweight – painted structural steel (e.g. formwork, framing and decking steel)",,
Australia,Cold rolled steel,Cold rolled lightweight - structural framing steel,,
Australia,Cold rolled steel,"Cold rolled lightweight - structural steel (e.g. formwork, framing and decking steel)",,
Australia,Hot rolled steel,"Hot rolled - galvanised structural steel (welded beam, columns, angles, plates, piles etc) ",,
Australia,Hot rolled steel,"Hot rolled - structural steel (welded beam, columns, angles, plates, piles etc) ",,
Australia,Reinforcing steel,Bar & mesh reinforcing steel,,
Australia,Steel wire,Steel wire,,
Australia,Stainless steel,Stainless steel (general),,
Australia,Timber (engineered),Glue laminated timber (GLT) and cross laminated timber (CLT) - hardwood,,
Australia,Timber (engineered),Glue laminated timber (GLT) and cross laminated timber (CLT) - softwood,,
Australia,Timber (engineered),Laminated veer lumber,,
Australia,Timber (engineered),Oriented strand board,,
Australia,Timber (engineered),Particleboard,,
Australia,Timber (engineered),Plywood,,
Australia,Timber (engineered),Timber weatherboards (softwood),,
Australia,Timber (sawn),Sawn hardwood,,
Australia,Timber (sawn),Sawn softwood,,
Australia,Timber (sawn),Timber poles - piles,,
New Zealand,Concrete In-situ,"In-situ 20 MPa, (OPC)",,
New Zealand,Concrete In-situ,"In-situ 20 MPa, (20% PFA)",,
New Zealand,Concrete In-situ,"In-situ 20 MPa, (30% PFA)",,
New Zealand,Concrete In-situ,"In-situ 20 MPa, (35% PFA)",,
New Zealand,Concrete In-situ,"In-situ 30 MPa, (OPC)",,
New Zealand,Concrete In-situ,"In-situ 30 MPa, (20% PFA)",,
New Zealand,Concrete In-situ,"In-situ 30 MPa, (30% PFA)",,
New Zealand,Concrete In-situ,"In-situ 30 MPa, (35% PFA)",,
New Zealand,Concrete In-situ,"In-situ 40 MPa, (OPC)",,
New Zealand,Concrete In-situ,"In-situ 40 MPa, (20% PFA)",,
New Zealand,Concrete In-situ,"In-situ 40 MPa, (30% PFA)",,
New Zealand,Concrete In-situ,"In-situ 40 MPa, (35% PFA)",,
New Zealand,Concrete In-situ,"In-situ 50 MPa, (OPC)",,
New Zealand,Concrete In-situ,"In-situ 50 MPa, (20% PFA)",,
New Zealand,Concrete In-situ,"In-situ 50 MPa, (30% PFA)",,
New Zealand,Concrete In-situ,"In-situ 50 MPa, (35% PFA)",,
New Zealand,Concrete In-situ,In-situ Concrete (Generic),,
New Zealand,Concrete Precast,"Precast 30 MPa, (OPC)",,
New Zealand,Concrete Precast,"Precast 30 MPa, (20% PFA)",,
New Zealand,Concrete Precast,"Precast 30 MPa, (30% PFA)",,
New Zealand,Concrete Precast,"Precast 30 MPa, (35% PFA)",,
New Zealand,Concrete Precast,"Precast 45 MPa, (OPC)",,
New Zealand,Concrete Precast,"Precast 45 MPa, (20% PFA)",,
New Zealand,Concrete Precast,"Precast 45 MPa, (30% PFA)",,
New Zealand,Concrete Precast,"Precast 45 MPa, (35% PFA)",,
New Zealand,Concrete Precast,Precast Concrete (Generic),,
New Zealand,Cement,Cement - Generic,,
New Zealand,Cement,Cement - Emissions Reduced,,
New Zealand,Lime,Lime (hydraulic),,
New Zealand,Other Metal,Aluminium - NZ,,
New Zealand,Other Metal,Aluminium - China,,
New Zealand,Other Metal,Iron,,
New Zealand,Steel,Rail products,,
New Zealand,Steel,Steel Reinforcing Bar,,
New Zealand,Steel,Steel Reinforcing Bar (Aus),,
New Zealand,Steel,Steel Coil,,
New Zealand,Steel,Steel Coil (Aus),,
New Zealand,Steel,Steel Reinforcing Mesh,,
New Zealand,Steel,Steel Reinforcing Mesh (Aus),,
New Zealand,Steel,Steel Structural,,
New Zealand,Steel,Stainless Steel,,
New Zealand,Aggregate,Aggregate,,
New Zealand,Aggregate,Ballast,,
New Zealand,Aggregate,Natural Sand,,
New Zealand,Aggregate,Sealing Chip,,
New Zealand,Aggregate,RipRap,,
New Zealand,Aggregate,Topsoil,,
New Zealand,Aggregate,Recycled Crushed Glass,100%,
New Zealand,Aggregate,Recycled Crushed Concrete,100%,
New Zealand,Aggregate,Basalt,,
New Zealand,Earthworks,Strip and respread topsoil,,
New Zealand,Earthworks,Cut to spoil,,
New Zealand,Earthworks,Cut to fill,,
New Zealand,Earthworks,Import and Place filling,,
New Zealand,Earthworks,High Shrubs and Medium dense trees,,
New Zealand,Asphalt,"EMOGPA, HMA, 4.5% virgin bitumen 0% RAP",,
New Zealand,Asphalt,"OGPA, HMA, 6% virgin bitumen 0% RAP",,
New Zealand,Asphalt,"AC, HMA, 5% virgin bitumen 0% RAP",,
New Zealand,Asphalt,"SMA, HMA, 6.5% virgin bitumen 0% RAP",,
New Zealand,Asphalt,"EMSMA, HMA, 5% virgin bitumen 0% RAP",,
New Zealand,Asphalt,"AC, HMA, 5% virgin bitumen (5%RAP)",5%,
New Zealand,Asphalt,"AC, HMA, 5% virgin bitumen (10%RAP)",10%,
New Zealand,Asphalt,"AC, HMA, 5% virgin bitumen (15%RAP)",15%,
New Zealand,Asphalt,"AC, HMA, 5% virgin bitumen (20%RAP)",20%,
New Zealand,Asphalt,"AC, HMA, 5% virgin bitumen (25%RAP)",25%,
New Zealand,Asphalt,"AC, HMA, 5% virgin bitumen (30%RAP)",30%,
New Zealand,Asphalt,"AC, HMA, 5% virgin bitumen (35%RAP)",35%,
New Zealand,Asphalt,"AC, HMA, 5% virgin bitumen (40%RAP)",40%,
New Zealand,Asphalt,"AC, HMA, 5% virgin bitumen (50%RAP)",50%,
New Zealand,Asphalt,"AC, HMA, 5% virgin bitumen (70%RAP)",70%,
New Zealand,Asphalt,"SMA, HMA, 6.5% virgin bitumen (5%RAP)",5%,
New Zealand,Asphalt,"SMA, HMA, 6.5% virgin bitumen (10%RAP)",10%,
New Zealand,Asphalt,"SMA, HMA, 6.5% virgin bitumen (15%RAP)",15%,
New Zealand,Asphalt,"SMA, HMA, 6.5% virgin bitumen (20%RAP)",20%,
New Zealand,Asphalt,"SMA, HMA, 6.5% virgin bitumen (25%RAP)",25%,
New Zealand,Asphalt,"SMA, HMA, 6.5% virgin bitumen (30%RAP)",30%,
New Zealand,Asphalt,"SMA, HMA, 6.5% virgin bitumen (35%RAP)",35%,
New Zealand,Asphalt,"SMA, HMA, 6.5% virgin bitumen (40%RAP)",40%,
New Zealand,Asphalt,"SMA, HMA, 6.5% virgin bitumen (50%RAP)",50%,
New Zealand,Asphalt,"SMA, HMA, 6.5% virgin bitumen (70%RAP)",70%,
New Zealand,Asphalt,"Open-Graded Porous Asphalt, HMA, 6% virgin bitumen (5%RAP)",5%,
New Zealand,Asphalt,"Open-Graded Porous Asphalt, HMA, 6% virgin bitumen (10%RAP)",10%,
New Zealand,Asphalt,"Open-Graded Porous Asphalt, HMA, 6% virgin bitumen (15%RAP)",15%,
New Zealand,Asphalt,"Open-Graded Porous Asphalt, HMA, 6% virgin bitumen (20%RAP)",20%,
New Zealand,Asphalt,"Open-Graded Porous Asphalt, HMA, 6% virgin bitumen (25%RAP)",25%,
New Zealand,Asphalt,"Open-Graded Porous Asphalt, HMA, 6% virgin bitumen (30%RAP)",30%,
New Zealand,Asphalt,"Open-Graded Porous Asphalt, HMA, 6% virgin bitumen (35%RAP)",35%,
New Zealand,Asphalt,"Open-Graded Porous Asphalt, HMA, 6% virgin bitumen (40%RAP)",40%,
New Zealand,Asphalt,"Open-Graded Porous Asphalt, HMA, 6% virgin bitumen (50%RAP)",50%,
New Zealand,Asphalt,"Open-Graded Porous Asphalt, HMA, 6% virgin bitumen (70%RAP)",70%,
New Zealand,Asphalt,"EMOGPA, HMA, 4.5% virgin bitumen (5%RAP)",5%,
New Zealand,Asphalt,"EMOGPA, HMA, 4.5% virgin bitumen (10%RAP)",10%,
New Zealand,Asphalt,"EMOGPA, HMA, 4.5% virgin bitumen (15%RAP)",15%,
New Zealand,Asphalt,"EMOGPA, HMA, 4.5% virgin bitumen (20%RAP)",20%,
New Zealand,Asphalt,"EMOGPA, HMA, 4.5% virgin bitumen (25%RAP)",25%,
New Zealand,Asphalt,"EMOGPA, HMA, 4.5% virgin bitumen (30%RAP)",30%,
New Zealand,Asphalt,"EMOGPA, HMA, 4.5% virgin bitumen (35%RAP)",35%,
New Zealand,Asphalt,"EMOGPA, HMA, 4.5% virgin bitumen (40%RAP)",40%,
New Zealand,Asphalt,"EMOGPA, HMA, 4.5% virgin bitumen (50%RAP)",50%,
New Zealand,Asphalt,"EMOGPA, HMA, 4.5% virgin bitumen (70%RAP)",70%,
New Zealand,Bitumen,Bitumen,,
New Zealand,Cable,Comms cable,,
New Zealand,Cable,Aluminium Power Cable,,
New Zealand,Cable,Copper Power Cable,,
New Zealand,Glass,Glass,,
New Zealand,Plastic,HDPE,,
New Zealand,Plastic,PE Pipe,,
New Zealand,Plastic,PVC Pressure Pipe,,
New Zealand,Plastic,PVC Gravity Pipe,,
New Zealand,Plastic,Recycled Rubber,100%,
New Zealand,Plastic,Virgin  Rubber,,
New Zealand,Plastic,Glass Fibre Reinforced Plastic (GFRP),,
New Zealand,Wood,Softwood Timber ,,
New Zealand,Wood,Hardwood Timber,,
New Zealand,Wood,Glulam,,
New Zealand,Paint,Solvent based paint,,
New Zealand,Paint,Water based paint,,
New Zealand,Paint,Solvent based paint,,
New Zealand,Paint,Water based paint,,
New Zealand,Paint,Thermoplastic paint,,
New Zealand,Paint,Thermoplastic paint,,
