Gradient (m/km),Curvature (deg/km),Vehicle Class,Base Fuel (L/100km),K1,K2,K3,K4,K5
-   ,20.00,Small Car,6.42,0.44,12.44,0.00,0.01,0.15
 -   ,20.00,Medium Car,7.77,0.43,14.43,0.00,0.01,0.12
 -   ,20.00,Large Car,9.83,0.47,15.02,0.00,0.00,0.09
 -   ,20.00,Courier Van-Utility,7.61,0.28,19.37,0.00,0.01,0.11
 -   ,20.00,4WD Mid Size Petrol,10.25,0.46,14.12,0.00,0.01,0.06
 -   ,20.00,Light Rigid,8.09,0.24,13.97,0.00,0.01,0.10
 -   ,20.00,Medium Rigid,12.46,0.36,9.56,0.00,0.01,0.05
 -   ,20.00,Heavy Rigid,23.23,0.24,14.52,0.00,0.01,0.02
 -   ,20.00,Heavy Bus,23.33,0.27,14.13,0.00,0.01,0.02
 -   ,20.00,Artic 4 Axle,27.25,0.16,12.59,0.00,0.02,0.02
 -   ,20.00,Artic 5 Axle,30.45,0.27,11.51,0.00,0.02,0.01
 -   ,20.00,Artic 6 Axle,33.80,0.30,10.38,0.00,0.02,0.01
 -   ,20.00,Rigid + 5 Axle Dog,38.14,0.30,9.07,0.00,0.02,0.01
 -   ,20.00,B-Double,41.48,0.32,8.32,0.00,0.02,0.01
 -   ,20.00,Twin steer + 5 Axle Dog,40.98,0.32,8.44,0.00,0.02,0.01
 -   ,20.00,A-Double,47.75,0.30,7.10,0.00,0.02,0.01
 -   ,20.00,B Triple,50.31,0.30,6.70,0.00,0.02,0.01
 -   ,20.00,A B Combination,54.29,0.29,6.09,0.00,0.03,0.01
 -   ,20.00,A-Triple,58.67,0.28,5.55,0.00,0.03,0.01
 -   ,20.00,Double B-Double,61.24,0.28,5.28,0.00,0.03,0.01
 -   ,120.00,Small Car,6.42,0.44,12.28,0.00,0.01,0.16
 -   ,120.00,Medium Car,7.78,0.42,14.30,0.00,0.01,0.13
 -   ,120.00,Large Car,9.83,0.47,14.90,0.00,0.00,0.09
 -   ,120.00,Courier Van-Utility,7.62,0.25,19.61,0.00,0.01,0.12
 -   ,120.00,4WD Mid Size Petrol,10.26,0.44,14.40,0.00,0.00,0.07
 -   ,120.00,Light Rigid,8.09,0.23,14.06,0.00,0.01,0.10
 -   ,120.00,Medium Rigid,12.46,0.26,10.88,0.00,0.01,0.05
 -   ,120.00,Heavy Rigid,23.24,0.16,15.62,0.00,0.01,0.02
 -   ,120.00,Heavy Bus,23.38,0.18,15.23,0.00,0.01,0.02
 -   ,120.00,Artic 4 Axle,27.26,0.08,13.42,0.00,0.02,0.02
 -   ,120.00,Artic 5 Axle,30.46,0.22,12.05,0.00,0.02,0.02
 -   ,120.00,Artic 6 Axle,33.81,0.25,10.93,0.00,0.02,0.01
 -   ,120.00,Rigid + 5 Axle Dog,38.16,0.23,9.99,0.00,0.02,0.01
 -   ,120.00,B-Double,41.50,0.25,9.26,0.00,0.02,0.01
 -   ,120.00,Twin steer + 5 Axle Dog,41.00,0.25,9.44,0.00,0.02,0.01
 -   ,120.00,A-Double,47.78,0.21,8.30,0.00,0.02,0.01
 -   ,120.00,B Triple,50.35,0.22,7.91,0.00,0.02,0.01
 -   ,120.00,A B Combination,54.33,0.20,7.36,0.00,0.03,0.01
 -   ,120.00,A-Triple,58.71,0.19,6.78,0.00,0.03,0.01
 -   ,120.00,Double B-Double,61.29,0.19,6.51,0.00,0.03,0.01
 -   ,300.00,Small Car,6.43,0.41,12.06,0.00,0.01,0.19
 -   ,300.00,Medium Car,7.82,0.39,14.04,0.00,0.00,0.16
 -   ,300.00,Large Car,9.90,0.43,14.63,0.00,0.00,0.12
 -   ,300.00,Courier Van-Utility,7.69,0.13,20.05,0.00,0.00,0.17
 -   ,300.00,4WD Mid Size Petrol,10.37,0.36,14.86,0.00,0.00,0.08
 -   ,300.00,Light Rigid,8.11,0.13,14.92,0.00,0.01,0.12
 -   ,300.00,Medium Rigid,12.51,-0.15,15.26,0.00,0.01,0.08
 -   ,300.00,Heavy Rigid,23.49,-0.15,18.70,0.00,0.01,0.03
 -   ,300.00,Heavy Bus,23.75,-0.11,17.93,0.00,0.01,0.03
 -   ,300.00,Artic 4 Axle,27.54,-0.31,16.99,0.00,0.02,0.03
 -   ,300.00,Artic 5 Axle,30.79,-0.01,14.18,0.00,0.02,0.02
 -   ,300.00,Artic 6 Axle,34.19,0.04,12.98,0.00,0.02,0.02
 -   ,300.00,Rigid + 5 Axle Dog,38.64,-0.05,12.92,0.00,0.02,0.01
 -   ,300.00,B-Double,42.06,-0.02,12.10,0.00,0.02,0.01
 -   ,300.00,Twin steer + 5 Axle Dog,41.54,-0.04,12.45,0.00,0.02,0.01
 -   ,300.00,A-Double,48.29,-0.11,11.81,0.00,0.02,0.01
 -   ,300.00,B Triple,50.83,-0.10,11.42,0.00,0.02,0.01
 -   ,300.00,A B Combination,54.75,-0.17,11.52,0.00,0.03,0.01
 -   ,300.00,A-Triple,59.06,-0.21,11.36,0.00,0.03,0.01
 -   ,300.00,Double B-Double,61.61,-0.20,11.05,0.00,0.03,0.01
40,20.00,Small Car,6.49,0.42,12.38,0.00,0.01,0.19
40,20.00,Medium Car,7.87,0.41,14.30,0.00,0.00,0.16
40,20.00,Large Car,9.96,0.45,14.88,0.00,0.00,0.11
40,20.00,Courier Van-Utility,7.83,0.21,19.70,0.00,0.00,0.21
40,20.00,4WD Mid Size Petrol,10.41,0.45,13.98,0.00,0.00,0.08
40,20.00,Light Rigid,8.19,0.12,17.13,0.00,0.01,0.17
40,20.00,Medium Rigid,13.00,0.22,10.40,0.00,0.01,0.12
40,20.00,Heavy Rigid,28.30,0.15,11.01,0.00,0.01,0.06
40,20.00,Heavy Bus,32.60,0.23,7.55,0.00,0.01,0.05
40,20.00,Artic 4 Axle,33.40,-0.03,11.85,0.00,0.01,0.05
40,20.00,Artic 5 Axle,37.53,0.05,9.93,0.00,0.01,0.04
40,20.00,Artic 6 Axle,41.89,0.09,8.37,0.00,0.01,0.04
40,20.00,Rigid + 5 Axle Dog,49.68,0.09,6.96,0.00,0.01,0.03
40,20.00,B-Double,55.50,0.12,5.66,0.00,0.01,0.03
40,20.00,Twin steer + 5 Axle Dog,53.77,0.11,6.13,0.00,0.01,0.03
40,20.00,A-Double,70.88,0.09,4.64,0.00,0.01,0.02
40,20.00,B Triple,76.10,0.09,4.36,0.00,0.01,0.02
40,20.00,A B Combination,84.65,0.01,4.87,0.00,0.01,0.02
40,20.00,A-Triple,93.69,-0.05,5.13,0.00,0.01,0.02
40,20.00,Double B-Double,99.15,-0.05,4.94,0.00,0.01,0.02
40,120.00,Small Car,6.49,0.42,12.22,0.00,0.01,0.19
40,120.00,Medium Car,7.87,0.41,14.15,0.00,0.00,0.16
40,120.00,Large Car,9.97,0.45,14.74,0.00,0.00,0.12
40,120.00,Courier Van-Utility,7.84,0.21,19.44,0.00,0.00,0.22
40,120.00,4WD Mid Size Petrol,10.42,0.44,14.03,0.00,0.00,0.08
40,120.00,Light Rigid,8.20,0.17,16.15,0.00,0.01,0.17
40,120.00,Medium Rigid,13.00,0.25,9.63,0.00,0.01,0.12
40,120.00,Heavy Rigid,28.34,0.16,10.80,0.00,0.01,0.06
40,120.00,Heavy Bus,32.65,0.22,7.70,0.00,0.01,0.05
40,120.00,Artic 4 Axle,33.41,0.06,10.30,0.00,0.01,0.05
40,120.00,Artic 5 Axle,37.54,0.12,8.61,0.00,0.01,0.04
40,120.00,Artic 6 Axle,41.90,0.15,7.24,0.00,0.01,0.04
40,120.00,Rigid + 5 Axle Dog,49.69,0.10,6.67,0.00,0.01,0.03
40,120.00,B-Double,55.52,0.12,5.73,0.00,0.01,0.03
40,120.00,Twin steer + 5 Axle Dog,53.78,0.11,6.01,0.00,0.01,0.03
40,120.00,A-Double,71.56,0.07,4.89,0.00,0.01,0.02
40,120.00,B Triple,76.79,0.06,4.60,0.00,0.01,0.02
40,120.00,A B Combination,85.30,-0.01,5.10,0.00,0.01,0.02
40,120.00,A-Triple,94.30,-0.07,5.36,0.00,0.01,0.02
40,120.00,Double B-Double,99.75,-0.07,5.17,0.00,0.01,0.02
40,300.00,Small Car,6.51,0.40,11.99,0.00,0.00,0.22
40,300.00,Medium Car,7.91,0.38,13.87,0.00,0.00,0.19
40,300.00,Large Car,10.03,0.42,14.40,0.00,0.00,0.14
40,300.00,Courier Van-Utility,7.91,0.15,19.19,0.00,0.00,0.24
40,300.00,4WD Mid Size Petrol,10.53,0.37,14.31,0.00,0.00,0.10
40,300.00,Light Rigid,8.22,0.19,15.13,0.00,0.01,0.17
40,300.00,Medium Rigid,13.06,0.23,8.90,0.00,0.01,0.12
40,300.00,Heavy Rigid,28.70,0.19,10.01,0.00,0.01,0.06
40,300.00,Heavy Bus,33.21,0.18,8.06,0.00,0.00,0.05
40,300.00,Artic 4 Axle,33.57,0.09,9.51,0.00,0.01,0.05
40,300.00,Artic 5 Axle,37.72,0.16,7.64,0.00,0.01,0.04
40,300.00,Artic 6 Axle,42.11,0.17,6.56,0.00,0.01,0.04
40,300.00,Rigid + 5 Axle Dog,49.96,0.08,6.92,0.00,0.01,0.03
40,300.00,B-Double,55.82,0.09,6.04,0.00,0.01,0.03
40,300.00,Twin steer + 5 Axle Dog,54.08,0.09,6.18,0.00,0.01,0.03
40,300.00,A-Double,71.98,0.02,5.55,0.00,0.01,0.02
40,300.00,B Triple,77.61,0.02,5.20,0.00,0.01,0.02
40,300.00,A B Combination,86.71,-0.05,5.61,0.00,0.01,0.02
40,300.00,A-Triple,95.55,-0.10,5.81,0.00,0.01,0.02
40,300.00,Double B-Double,100.94,-0.10,5.60,0.00,0.01,0.02
60,20.00,Small Car,6.66,0.38,12.05,0.00,0.00,0.26
60,20.00,Medium Car,8.09,0.36,14.05,0.00,0.00,0.22
60,20.00,Large Car,10.21,0.43,14.14,0.00,0.00,0.15
60,20.00,Courier Van-Utility,8.63,0.25,14.79,0.00,0.00,0.33
60,20.00,4WD Mid Size Petrol,10.68,0.35,14.35,0.00,0.00,0.15
60,20.00,Light Rigid,8.87,0.10,14.27,0.00,0.01,0.27
60,20.00,Medium Rigid,14.42,0.09,9.28,0.00,0.01,0.17
60,20.00,Heavy Rigid,34.55,0.15,8.30,0.00,0.01,0.07
60,20.00,Heavy Bus,40.44,0.22,5.43,0.00,0.00,0.06
60,20.00,Artic 4 Axle,39.86,0.06,8.48,0.00,0.01,0.06
60,20.00,Artic 5 Axle,46.52,0.09,7.00,0.00,0.01,0.05
60,20.00,Artic 6 Axle,52.45,0.11,5.95,0.00,0.01,0.04
60,20.00,Rigid + 5 Axle Dog,62.31,0.02,6.17,0.00,0.01,0.04
60,20.00,B-Double,70.11,0.03,5.43,0.00,0.01,0.03
60,20.00,Twin steer + 5 Axle Dog,68.10,0.03,5.61,0.00,0.01,0.04
60,20.00,A-Double,91.39,-0.05,5.03,0.00,0.01,0.03
60,20.00,B Triple,98.94,-0.05,4.77,0.00,0.01,0.02
60,20.00,A B Combination,111.52,-0.13,4.91,0.00,0.01,0.02
60,20.00,A-Triple,124.38,-0.18,4.95,0.00,0.01,0.02
60,20.00,Double B-Double,132.06,-0.18,4.72,0.00,0.01,0.02
60,120.00,Small Car,6.66,0.39,11.83,0.00,0.00,0.27
60,120.00,Medium Car,8.09,0.36,13.86,0.00,0.00,0.23
60,120.00,Large Car,10.22,0.43,14.04,0.00,0.00,0.16
60,120.00,Courier Van-Utility,8.64,0.26,14.42,0.00,0.00,0.33
60,120.00,4WD Mid Size Petrol,10.69,0.36,14.17,0.00,0.00,0.15
60,120.00,Light Rigid,8.87,0.14,13.26,0.00,0.01,0.27
60,120.00,Medium Rigid,14.42,0.12,8.64,0.00,0.01,0.17
60,120.00,Heavy Rigid,34.75,0.15,8.36,0.00,0.01,0.07
60,120.00,Heavy Bus,40.66,0.22,5.45,0.00,0.00,0.06
60,120.00,Artic 4 Axle,40.35,0.05,8.56,0.00,0.01,0.06
60,120.00,Artic 5 Axle,46.70,0.07,7.30,0.00,0.01,0.05
60,120.00,Artic 6 Axle,52.46,0.09,6.28,0.00,0.01,0.04
60,120.00,Rigid + 5 Axle Dog,62.94,0.00,6.42,0.00,0.01,0.04
60,120.00,B-Double,70.75,0.01,5.68,0.00,0.01,0.03
60,120.00,Twin steer + 5 Axle Dog,68.70,0.01,5.90,0.00,0.01,0.03
60,120.00,A-Double,92.06,-0.07,5.28,0.00,0.01,0.03
60,120.00,B Triple,99.60,-0.08,5.00,0.00,0.01,0.02
60,120.00,A B Combination,112.18,-0.15,5.13,0.00,0.01,0.02
60,120.00,A-Triple,125.04,-0.20,5.15,0.00,0.01,0.02
60,120.00,Double B-Double,132.72,-0.20,4.92,0.00,0.01,0.02
60,300.00,Small Car,6.67,0.35,11.72,0.00,0.00,0.30
60,300.00,Medium Car,8.13,0.32,13.73,0.00,0.00,0.26
60,300.00,Large Car,10.28,0.38,13.98,0.00,0.00,0.18
60,300.00,Courier Van-Utility,8.72,0.23,13.88,0.00,0.00,0.35
60,300.00,4WD Mid Size Petrol,10.79,0.33,14.07,0.00,0.00,0.16
60,300.00,Light Rigid,8.91,0.19,11.97,0.00,0.01,0.27
60,300.00,Medium Rigid,14.46,0.14,7.80,0.00,0.01,0.17
60,300.00,Heavy Rigid,35.19,0.12,8.61,0.00,0.01,0.07
60,300.00,Heavy Bus,41.78,0.20,5.48,0.00,0.00,0.06
60,300.00,Artic 4 Axle,41.25,0.01,8.79,0.00,0.01,0.06
60,300.00,Artic 5 Axle,46.88,0.03,7.74,0.00,0.01,0.05
60,300.00,Artic 6 Axle,52.67,0.06,6.68,0.00,0.01,0.04
60,300.00,Rigid + 5 Axle Dog,63.47,-0.04,6.98,0.00,0.01,0.04
60,300.00,B-Double,71.51,-0.03,6.21,0.00,0.01,0.03
60,300.00,Twin steer + 5 Axle Dog,68.98,-0.04,6.53,0.00,0.01,0.03
60,300.00,A-Double,93.10,-0.10,5.67,0.00,0.01,0.03
60,300.00,B Triple,100.58,-0.11,5.37,0.00,0.01,0.02
60,300.00,A B Combination,113.02,-0.17,5.42,0.00,0.01,0.02
60,300.00,A-Triple,125.83,-0.23,5.43,0.00,0.01,0.02
60,300.00,Double B-Double,133.49,-0.23,5.18,0.00,0.01,0.02
80,20.00,Small Car,6.84,0.30,11.63,0.00,0.00,0.45
80,20.00,Medium Car,8.40,0.28,13.05,0.00,0.00,0.39
80,20.00,Large Car,10.49,0.32,14.08,0.00,0.00,0.28
80,20.00,Courier Van-Utility,9.72,0.29,11.20,0.00,0.00,0.39
80,20.00,4WD Mid Size Petrol,11.32,0.32,12.01,0.00,0.00,0.24
80,20.00,Light Rigid,10.02,0.14,10.85,0.00,0.01,0.32
80,20.00,Medium Rigid,16.69,0.12,6.62,0.00,0.01,0.19
80,20.00,Heavy Rigid,40.17,0.11,7.65,0.00,0.01,0.08
80,20.00,Heavy Bus,48.94,0.19,4.44,0.00,0.00,0.06
80,20.00,Artic 4 Axle,47.04,-0.01,8.04,0.00,0.01,0.07
80,20.00,Artic 5 Axle,54.52,0.02,6.88,0.00,0.01,0.06
80,20.00,Artic 6 Axle,61.83,0.03,5.99,0.00,0.01,0.05
80,20.00,Rigid + 5 Axle Dog,74.68,-0.08,6.25,0.00,0.01,0.04
80,20.00,B-Double,84.68,-0.07,5.58,0.00,0.01,0.04
80,20.00,Twin steer + 5 Axle Dog,81.75,-0.08,5.82,0.00,0.01,0.04
80,20.00,A-Double,113.09,-0.15,4.94,0.00,0.01,0.03
80,20.00,B Triple,122.91,-0.15,4.64,0.00,0.01,0.03
80,20.00,A B Combination,139.35,-0.24,4.73,0.00,0.01,0.02
80,20.00,A-Triple,155.98,-0.32,4.77,0.00,0.01,0.02
80,20.00,Double B-Double,166.08,-0.31,4.53,0.00,0.01,0.02
80,120.00,Small Car,6.84,0.31,11.22,0.00,0.00,0.45
80,120.00,Medium Car,8.40,0.29,12.66,0.00,0.00,0.39
80,120.00,Large Car,10.50,0.32,13.83,0.00,0.00,0.29
80,120.00,Courier Van-Utility,9.74,0.29,11.04,0.00,0.00,0.40
80,120.00,4WD Mid Size Petrol,11.34,0.32,11.74,0.00,0.00,0.24
80,120.00,Light Rigid,10.02,0.18,9.93,0.00,0.01,0.32
80,120.00,Medium Rigid,16.69,0.15,6.16,0.00,0.01,0.19
80,120.00,Heavy Rigid,40.34,0.10,7.67,0.00,0.01,0.08
80,120.00,Heavy Bus,49.12,0.19,4.41,0.00,0.00,0.06
80,120.00,Artic 4 Axle,47.47,-0.02,8.05,0.00,0.01,0.07
80,120.00,Artic 5 Axle,55.07,0.00,7.04,0.00,0.01,0.06
80,120.00,Artic 6 Axle,62.42,0.01,6.19,0.00,0.01,0.05
80,120.00,Rigid + 5 Axle Dog,75.35,-0.10,6.51,0.00,0.01,0.04
80,120.00,B-Double,85.34,-0.09,5.83,0.00,0.01,0.04
80,120.00,Twin steer + 5 Axle Dog,82.43,-0.10,6.10,0.00,0.01,0.04
80,120.00,A-Double,113.75,-0.17,5.14,0.00,0.01,0.03
80,120.00,B Triple,123.57,-0.17,4.84,0.00,0.01,0.03
80,120.00,A B Combination,140.01,-0.26,4.91,0.00,0.01,0.02
80,120.00,A-Triple,156.64,-0.34,4.94,0.00,0.01,0.02
80,120.00,Double B-Double,166.74,-0.33,4.69,0.00,0.01,0.02
80,300.00,Small Car,6.85,0.30,10.63,0.00,0.00,0.48
80,300.00,Medium Car,8.43,0.27,12.10,0.00,0.00,0.42
80,300.00,Large Car,10.56,0.31,13.29,0.00,0.00,0.31
80,300.00,Courier Van-Utility,9.90,0.27,10.92,0.00,0.00,0.40
80,300.00,4WD Mid Size Petrol,11.46,0.30,11.43,0.00,0.00,0.25
80,300.00,Light Rigid,10.06,0.23,8.83,0.00,0.01,0.32
80,300.00,Medium Rigid,16.73,0.17,5.68,0.00,0.01,0.19
80,300.00,Heavy Rigid,41.14,0.08,7.83,0.00,0.00,0.08
80,300.00,Heavy Bus,49.88,0.18,4.37,0.00,0.00,0.06
80,300.00,Artic 4 Axle,48.29,-0.04,8.16,0.00,0.01,0.07
80,300.00,Artic 5 Axle,56.02,-0.04,7.38,0.00,0.01,0.06
80,300.00,Artic 6 Axle,63.40,-0.03,6.58,0.00,0.01,0.05
80,300.00,Rigid + 5 Axle Dog,76.32,-0.14,6.88,0.00,0.01,0.04
80,300.00,B-Double,86.31,-0.13,6.21,0.00,0.01,0.04
80,300.00,Twin steer + 5 Axle Dog,83.46,-0.14,6.52,0.00,0.01,0.04
80,300.00,A-Double,114.54,-0.20,5.42,0.00,0.01,0.03
80,300.00,B Triple,124.33,-0.20,5.10,0.00,0.01,0.03
80,300.00,A B Combination,140.74,-0.29,5.15,0.00,0.01,0.02
80,300.00,A-Triple,157.35,-0.36,5.17,0.00,0.01,0.02
80,300.00,Double B-Double,167.45,-0.36,4.91,0.00,0.01,0.02
