Reference Unit,Converted Unit,Conversion factor
W,J/s,1
J,Ws,1
Ws,Wh,2.78E-04
Wh,kWh,0.001
Wh,MWh,1.00E-06
Wh,GWh,1.00E-09
Wh,J,"3,600"
Wh,kJ,3.6
Wh,MJ,0.0036
Wh,GJ,3.60E-06
kWh,Wh,"1,000"
kWh,MWh,1.00E+06
kWh,GWh,1.00E+09
kWh,J,3.60E+06
kWh,kJ,"3,600"
kWh,MJ,3.6
kWh,GJ,0.0036
MWh,Wh,1.00E+06
MWh,kWh,1.00E+03
MWh,GWh,1.00E-03
MWh,J,3.60E+09
MWh,kJ,3.60E+06
MWh,MJ,"3,600"
MWh,GJ,3.6
GWh,Wh,1.00E+09
GWh,kWh,1.00E+06
GWh,MWh,"1,000"
GWh,J,3.60E+12
GWh,kJ,3.60E+09
GWh,MJ,3.60E+06
GWh,GJ,"3,600"
J,Wh,2.78E-04
J,kWh,0.277778
J,MWh,277.778
J,GWh,2.78E+05
J,kJ,0.001
J,MJ,1.00E-06
J,GJ,1.00E-09
kJ,Wh,0.277778
kJ,kWh,2.78E-04
kJ,MWh,2.78E-07
kJ,GWh,2.78E-10
kJ,J,1.00E+03
kJ,MJ,1.00E-03
kJ,GJ,1.00E-06
MJ,Wh,278
MJ,kWh,2.78E-01
MJ,MWh,2.78E-04
MJ,GWh,2.78E-07
MJ,J,1.00E+06
MJ,kJ,1.00E+03
MJ,GJ,1.00E-03
GJ,Wh,2.78E+05
GJ,kWh,277.8
GJ,MWh,0.3
GJ,GWh,2.78E-04
GJ,J,1.00E+09
GJ,kJ,1.00E+06
GJ,MJ,1.00E+03
GJ,kWh,278
t,kg,"1,000"
kg,t,0.001
L,kL,0.001
L,ML,1.00E-06
L,m3,0.001
kL,L,0.001
kL,ML,1.00E+03
kL,m3,1
ML,kL,"1,000"
ML,L,1.00E+06
ML,m3,"1,000"
m3,L,"1,000"
m3,kL,1
m3,ML,0.001
km,m,0.001
m,km,"1,000"
ha,m2,1.00E+04
m2,ha,1.00E-04
