ATAP vehicle class,Corresponding EV projection vehicle category,Primary ICE Fuel,Hybrid fuel savings (%),PHEV fuel savings (%),BEV energy shift (kWh/L),FCEV hydrogen consumption (kWh/L),Source/Comments
Small Car,Small Residential,Gasoline (Cars and light commercial vehicles),20%,20%,2.2,17.8,Hybrid savings based on testing from Australian Automobile Association (2025). PHEV savings conservatively assumed equivalent to hybrid based on low real-world utilisation of electric-only mode and charging behaviour. BEV consumption rates based on vehicle specification information from Australian Automobile Association (2025) Electric Vehicle Index Q4 2025. Hydrogen conversion based on data from Zemo (2021) for fuel cell trucks and electrolyser efficiencies from CSIRO.
Medium Car,Medium Residential,Gasoline (Cars and light commercial vehicles),20%,20%,2.2,17.8,Hybrid savings based on testing from Australian Automobile Association (2025). PHEV savings conservatively assumed equivalent to hybrid based on low real-world utilisation of electric-only mode and charging behaviour. BEV consumption rates based on vehicle specification information from Australian Automobile Association (2025) Electric Vehicle Index Q4 2025. Hydrogen conversion based on data from Zemo (2021) for fuel cell trucks and electrolyser efficiencies from CSIRO.
Large Car,Large Residential,Gasoline (Cars and light commercial vehicles),20%,20%,2.2,17.8,Hybrid savings based on testing from Australian Automobile Association (2025). PHEV savings conservatively assumed equivalent to hybrid based on low real-world utilisation of electric-only mode and charging behaviour. BEV consumption rates based on vehicle specification information from Australian Automobile Association (2025) Electric Vehicle Index Q4 2025. Hydrogen conversion based on data from Zemo (2021) for fuel cell trucks and electrolyser efficiencies from CSIRO.
Courier Van-Utility,Medium Light Commercial,Diesel oil (Cars and light commercial vehicles),20%,20%,2.2,17.8,Hybrid savings based on testing from Australian Automobile Association (2025). PHEV savings conservatively assumed equivalent to hybrid based on low real-world utilisation of electric-only mode and charging behaviour. BEV consumption rates based on vehicle specification information from Australian Automobile Association (2025) Electric Vehicle Index Q4 2025. Hydrogen conversion based on data from Zemo (2021) for fuel cell trucks and electrolyser efficiencies from CSIRO.
4WD Mid Size Petrol,Large Residential,Gasoline (Cars and light commercial vehicles),20%,20%,2.2,17.8,Hybrid savings based on testing from Australian Automobile Association (2025). PHEV savings conservatively assumed equivalent to hybrid based on low real-world utilisation of electric-only mode and charging behaviour. BEV consumption rates based on vehicle specification information from Australian Automobile Association (2025) Electric Vehicle Index Q4 2025. Hydrogen conversion based on data from Zemo (2021) for fuel cell trucks and electrolyser efficiencies from CSIRO.
Light Rigid,Rigid Truck,Diesel oil (Cars and light commercial vehicles),15%,15%,4.6,17.8,Hybrid savings based on data from Truck Industry Council. Relative electrification conversion rates and hydrogen conversion based on data from Zemo (2021) for fuel cell trucks with electrolyser efficiencies from CSIRO.
Medium Rigid,Rigid Truck,Diesel oil - Euro iv or higher (Heavy duty vehicles),15%,15%,4.6,17.8,Hybrid savings based on data from Truck Industry Council. Relative electrification conversion rates and hydrogen conversion based on data from Zemo (2021) for fuel cell trucks with electrolyser efficiencies from CSIRO.
Heavy Rigid,Rigid Truck,Diesel oil - Euro iv or higher (Heavy duty vehicles),15%,15%,4.6,17.8,Hybrid savings based on data from Truck Industry Council. Relative electrification conversion rates and hydrogen conversion based on data from Zemo (2021) for fuel cell trucks with electrolyser efficiencies from CSIRO.
Heavy Bus,Bus,Diesel oil - Euro iv or higher (Heavy duty vehicles),25%,25%,3.3,17.8,Hybrid savings based on TfNSW Net Zero and Circular Economy Guidelines for Transport Operations. Relative electrification conversion rates and hydrogen conversion based on data from Zemo (2021) for fuel cell trucks with electrolyser efficiencies from CSIRO.
Artic 4 Axle,Articulated Truck,Diesel oil - Euro iv or higher (Heavy duty vehicles),15%,15%,4.6,17.8,Hybrid savings based on data from Truck Industry Council. Relative electrification conversion rates and hydrogen conversion based on data from Zemo (2021) for fuel cell trucks with electrolyser efficiencies from CSIRO.
Artic 5 Axle,Articulated Truck,Diesel oil - Euro iv or higher (Heavy duty vehicles),15%,15%,4.6,17.8,Hybrid savings based on data from Truck Industry Council. Relative electrification conversion rates and hydrogen conversion based on data from Zemo (2021) for fuel cell trucks with electrolyser efficiencies from CSIRO.
Artic 6 Axle,Articulated Truck,Diesel oil - Euro iv or higher (Heavy duty vehicles),15%,15%,4.6,17.8,Hybrid savings based on data from Truck Industry Council. Relative electrification conversion rates and hydrogen conversion based on data from Zemo (2021) for fuel cell trucks with electrolyser efficiencies from CSIRO.
Rigid + 5 Axle Dog,Articulated Truck,Diesel oil - Euro iv or higher (Heavy duty vehicles),15%,15%,4.6,17.8,Hybrid savings based on data from Truck Industry Council. Relative electrification conversion rates and hydrogen conversion based on data from Zemo (2021) for fuel cell trucks with electrolyser efficiencies from CSIRO.
B-Double,Articulated Truck,Diesel oil - Euro iv or higher (Heavy duty vehicles),15%,15%,4.6,17.8,Hybrid savings based on data from Truck Industry Council. Relative electrification conversion rates and hydrogen conversion based on data from Zemo (2021) for fuel cell trucks with electrolyser efficiencies from CSIRO.
Twin steer + 5 Axle Dog,Articulated Truck,Diesel oil - Euro iv or higher (Heavy duty vehicles),15%,15%,4.6,17.8,Hybrid savings based on data from Truck Industry Council. Relative electrification conversion rates and hydrogen conversion based on data from Zemo (2021) for fuel cell trucks with electrolyser efficiencies from CSIRO.
A-Double,Articulated Truck,Diesel oil - Euro iv or higher (Heavy duty vehicles),15%,15%,4.6,17.8,Hybrid savings based on data from Truck Industry Council. Relative electrification conversion rates and hydrogen conversion based on data from Zemo (2021) for fuel cell trucks with electrolyser efficiencies from CSIRO.
B Triple,Articulated Truck,Diesel oil - Euro iv or higher (Heavy duty vehicles),15%,15%,4.6,17.8,Hybrid savings based on data from Truck Industry Council. Relative electrification conversion rates and hydrogen conversion based on data from Zemo (2021) for fuel cell trucks with electrolyser efficiencies from CSIRO.
A B Combination,Articulated Truck,Diesel oil - Euro iv or higher (Heavy duty vehicles),15%,15%,4.6,17.8,Hybrid savings based on data from Truck Industry Council. Relative electrification conversion rates and hydrogen conversion based on data from Zemo (2021) for fuel cell trucks with electrolyser efficiencies from CSIRO.
A-Triple,Articulated Truck,Diesel oil - Euro iv or higher (Heavy duty vehicles),15%,15%,4.6,17.8,Hybrid savings based on data from Truck Industry Council. Relative electrification conversion rates and hydrogen conversion based on data from Zemo (2021) for fuel cell trucks with electrolyser efficiencies from CSIRO.
Double B-Double,Articulated Truck,Diesel oil - Euro iv or higher (Heavy duty vehicles),15%,15%,4.6,17.8,Hybrid savings based on data from Truck Industry Council. Relative electrification conversion rates and hydrogen conversion based on data from Zemo (2021) for fuel cell trucks with electrolyser efficiencies from CSIRO.
