Year,Speed Car,Speed LCV,Speed HCV,Speed Bus,Fleet average,Light vehicle,Heavy vehicle,Bus
,km/h,,,,CO2-e g/km,CO2-e g/km,CO2-e g/km,CO2-e g/km
2020,5,5,5,5,612.38,506.8,"2,040.51","1,534.60"
2020,10,10,10,10,492.34,409.41,"1,606.60","1,286.26"
2020,15,15,15,15,412.02,345.08,"1,308.01","1,083.24"
2020,20,20,20,20,358.65,302.63,"1,106.52",938.01
2020,25,25,25,25,321.46,272.36,975.98,838.21
2020,30,30,30,30,294.21,249.85,884.98,766.2
2020,35,35,35,35,273.62,232.68,818.41,712.55
2020,40,40,40,40,257.78,219.43,768.01,671.46
2020,45,45,45,45,245.53,209.18,728.85,639.35
2020,50,50,50,50,236.08,201.34,697.86,613.98
2020,55,55,55,55,228.32,194.74,675.26,587
2020,60,60,60,60,223.07,190.6,655.15,571.38
2020,65,65,65,65,219.48,187.96,638.81,559.69
2020,70,70,70,70,217.37,186.66,625.59,551.8
2020,75,75,75,75,216.61,186.59,615.04,548.02
2020,80,80,80,80,216.93,187.62,605.03,549.15
2020,85,85,85,85,218.69,189.82,599.47,558.6
2020,90,90,90,90,221.7,193.11,599.11,557.4
2020,95,95,95,95,225.74,197.45,599.11,556.85
2020,100,100,100,100,230.78,202.88,599.11,556.73
2020,105,105,105,105,236.83,209.4,599.11,556.39
2020,110,110,110,110,243.95,217.07,599.11,556.39
2021,5,5,5,5,606.11,501.9,"2,052.78","1,525.29"
2021,10,10,10,10,486.32,405.37,"1,603.31","1,261.67"
2021,15,15,15,15,407.03,341.99,"1,300.72","1,062.21"
2021,20,20,20,20,354.5,300.12,"1,099.70",921.29
2021,25,25,25,25,317.9,270.24,969.83,824.11
2021,30,30,30,30,291.09,248.04,879.48,753.77
2021,35,35,35,35,270.86,231.12,813.46,701.19
2021,40,40,40,40,255.32,218.08,763.5,660.84
2021,45,45,45,45,243.3,208.01,724.71,629.26
2021,50,50,50,50,234.04,200.32,694.01,604.31
2021,55,55,55,55,226.47,193.88,671.77,577.53
2021,60,60,60,60,221.34,189.82,651.86,562.26
2021,65,65,65,65,217.84,187.23,635.7,550.95
2021,70,70,70,70,215.79,185.96,622.65,543.5
2021,75,75,75,75,215.06,185.89,612.29,540.28
2021,80,80,80,80,215.41,186.92,602.45,542.19
2021,85,85,85,85,217.15,189.06,597.17,552.78
2021,90,90,90,90,220.1,192.26,596.86,551.68
2021,95,95,95,95,224.03,196.49,596.86,551.18
2021,100,100,100,100,228.94,201.77,596.86,551.12
2021,105,105,105,105,234.84,208.11,596.86,550.82
2021,110,110,110,110,241.78,215.57,596.86,550.82
2022,5,5,5,5,599.43,495.82,"2,074.70","1,513.81"
2022,10,10,10,10,480.22,400.66,"1,606.48","1,238.57"
2022,15,15,15,15,402.02,338.41,"1,298.55","1,042.47"
2022,20,20,20,20,350.37,297.21,"1,097.27",905.36
2022,25,25,25,25,314.35,267.78,967.55,810.56
2022,30,30,30,30,287.99,245.93,877.45,741.75
2022,35,35,35,35,268.11,229.29,811.69,690.18
2022,40,40,40,40,252.85,216.48,761.94,650.52
2022,45,45,45,45,241.07,206.6,723.31,619.45
2022,50,50,50,50,232,199.06,692.74,594.91
2022,55,55,55,55,224.6,192.76,670.7,568.36
2022,60,60,60,60,219.59,188.8,650.86,553.42
2022,65,65,65,65,216.18,186.27,634.76,542.46
2022,70,70,70,70,214.18,185.03,621.77,535.41
2022,75,75,75,75,213.48,184.98,611.49,532.67
2022,80,80,80,80,213.86,186.01,601.73,535.23
2022,85,85,85,85,215.59,188.11,596.64,546.75
2022,90,90,90,90,218.47,191.23,596.36,545.71
2022,95,95,95,95,222.32,195.36,596.36,545.26
2022,100,100,100,100,227.12,200.52,596.36,545.25
2022,105,105,105,105,232.89,206.71,596.36,544.98
2022,110,110,110,110,239.67,213.99,596.36,544.98
2023,5,5,5,5,592.69,489.21,"2,095.85","1,506.77"
2023,10,10,10,10,474.27,395.72,"1,609.23","1,219.85"
2023,15,15,15,15,397.08,334.57,"1,296.10","1,026.16"
2023,20,20,20,20,346.27,294.07,"1,094.63",892.18
2023,25,25,25,25,310.84,265.11,965.07,799.36
2023,30,30,30,30,284.92,243.61,875.23,731.81
2023,35,35,35,35,265.38,227.27,809.72,681.04
2023,40,40,40,40,250.4,214.69,760.19,641.91
2023,45,45,45,45,238.84,205,721.73,611.22
2023,50,50,50,50,229.95,197.61,691.29,586.97
2023,55,55,55,55,222.72,191.46,669.46,560.55
2023,60,60,60,60,217.82,187.6,649.7,545.86
2023,65,65,65,65,214.5,185.14,633.67,535.15
2023,70,70,70,70,212.56,183.95,620.74,528.4
2023,75,75,75,75,211.89,183.91,610.55,526.04
2023,80,80,80,80,212.31,184.95,600.86,529.14
2023,85,85,85,85,214.03,187.02,595.98,541.49
2023,90,90,90,90,216.87,190.08,595.73,540.52
2023,95,95,95,95,220.64,194.13,595.73,540.11
2023,100,100,100,100,225.35,199.17,595.73,540.13
2023,105,105,105,105,231,205.23,595.73,539.9
2023,110,110,110,110,237.63,212.34,595.73,539.9
2024,5,5,5,5,586.94,482.35,"2,115.86","1,499.91"
2024,10,10,10,10,469.04,390.47,"1,611.66","1,204.14"
2024,15,15,15,15,392.71,330.46,"1,293.56","1,012.45"
2024,20,20,20,20,342.64,290.68,"1,091.91",881
2024,25,25,25,25,307.71,262.22,962.52,789.79
2024,30,30,30,30,282.19,241.1,872.94,723.27
2024,35,35,35,35,262.97,225.05,807.68,673.18
2024,40,40,40,40,248.24,212.71,758.35,634.5
2024,45,45,45,45,236.88,203.22,720.06,604.14
2024,50,50,50,50,228.16,196,689.74,580.14
2024,55,55,55,55,221.08,190,668.13,553.88
2024,60,60,60,60,216.29,186.23,648.44,539.39
2024,65,65,65,65,213.04,183.85,632.47,528.91
2024,70,70,70,70,211.16,182.7,619.62,522.42
2024,75,75,75,75,210.53,182.68,609.5,520.4
2024,80,80,80,80,210.97,183.74,599.89,523.96
2024,85,85,85,85,212.69,185.78,595.2,536.99
2024,90,90,90,90,215.48,188.79,594.98,536.07
2024,95,95,95,95,219.18,192.77,594.98,535.69
2024,100,100,100,100,223.79,197.71,594.98,535.76
2024,105,105,105,105,229.33,203.64,594.98,535.55
2024,110,110,110,110,235.83,210.6,594.98,535.55
2025,5,5,5,5,581.23,475.76,"2,132.99","1,491.46"
2025,10,10,10,10,463.52,385.07,"1,611.79","1,188.12"
2025,15,15,15,15,388.07,326.16,"1,289.30",998.57
2025,20,20,20,20,338.74,287.1,"1,087.85",869.63
2025,25,25,25,25,304.34,259.13,958.8,780.08
2025,30,30,30,30,279.22,238.39,869.57,714.65
2025,35,35,35,35,260.32,222.65,804.62,665.25
2025,40,40,40,40,245.85,210.56,755.56,627.04
2025,45,45,45,45,234.71,201.27,717.47,597.01
2025,50,50,50,50,226.17,194.22,687.33,573.27
2025,55,55,55,55,219.24,188.36,665.97,547.19
2025,60,60,60,60,214.56,184.7,646.4,532.9
2025,65,65,65,65,211.39,182.39,630.54,522.62
2025,70,70,70,70,209.57,181.29,617.8,516.37
2025,75,75,75,75,208.97,181.29,607.8,514.64
2025,80,80,80,80,209.44,182.37,598.29,518.59
2025,85,85,85,85,211.15,184.38,593.81,532.21
2025,90,90,90,90,213.9,187.34,593.63,531.34
2025,95,95,95,95,217.54,191.24,593.63,530.99
2025,100,100,100,100,222.06,196.08,593.63,531.08
2025,105,105,105,105,227.48,201.89,593.63,530.89
2025,110,110,110,110,233.84,208.71,593.63,530.89
2026,5,5,5,5,575.32,468.87,"2,151.40","1,481.32"
2026,10,10,10,10,457.6,379.11,"1,614.04","1,170.22"
2026,15,15,15,15,383.15,321.46,"1,286.92",983.04
2026,20,20,20,20,334.62,283.19,"1,085.26",856.88
2026,25,25,25,25,300.78,255.77,956.34,769.16
2026,30,30,30,30,276.09,235.45,867.34,704.91
2026,35,35,35,35,257.54,220.04,802.62,656.29
2026,40,40,40,40,243.35,208.22,753.74,618.62
2026,45,45,45,45,232.43,199.16,715.81,588.97
2026,50,50,50,50,224.07,192.28,685.78,565.53
2026,55,55,55,55,217.3,186.56,664.59,539.64
2026,60,60,60,60,212.72,183,645.09,525.59
2026,65,65,65,65,209.63,180.77,629.28,515.55
2026,70,70,70,70,207.86,179.71,616.58,509.55
2026,75,75,75,75,207.28,179.74,606.65,508.14
2026,80,80,80,80,207.77,180.82,597.2,512.52
2026,85,85,85,85,209.47,182.8,592.87,526.73
2026,90,90,90,90,212.16,185.7,592.71,525.92
2026,95,95,95,95,215.73,189.52,592.71,525.6
2026,100,100,100,100,220.15,194.26,592.71,525.73
2026,105,105,105,105,225.46,199.94,592.71,525.56
2026,110,110,110,110,231.68,206.6,592.71,525.56
2027,5,5,5,5,568.56,461.17,"2,168.20","1,472.89"
2027,10,10,10,10,451.41,372.85,"1,615.96","1,156.08"
2027,15,15,15,15,377.87,316.35,"1,284.57",970.69
2027,20,20,20,20,330.14,278.87,"1,082.70",846.61
2027,25,25,25,25,296.87,252.01,953.92,760.25
2027,30,30,30,30,272.63,232.12,865.14,696.9
2027,35,35,35,35,254.42,217.06,800.63,648.88
2027,40,40,40,40,240.52,205.52,751.93,611.62
2027,45,45,45,45,229.84,196.68,714.13,582.27
2027,50,50,50,50,221.66,189.99,684.21,559.06
2027,55,55,55,55,215.05,184.43,663.19,533.33
2027,60,60,60,60,210.59,180.99,643.74,519.46
2027,65,65,65,65,207.58,178.83,627.98,509.59
2027,70,70,70,70,205.86,177.83,615.32,503.8
2027,75,75,75,75,205.32,177.88,605.44,502.62
2027,80,80,80,80,205.84,178.98,596.04,507.3
2027,85,85,85,85,207.53,180.94,591.85,521.97
2027,90,90,90,90,210.18,183.79,591.71,521.19
2027,95,95,95,95,213.68,187.54,591.71,520.89
2027,100,100,100,100,218.02,192.18,591.71,521.04
2027,105,105,105,105,223.21,197.74,591.71,520.9
2027,110,110,110,110,229.3,204.27,591.71,520.9
2028,5,5,5,5,561,452.78,"2,181.65","1,464.53"
2028,10,10,10,10,444.61,366,"1,616.33","1,141.51"
2028,15,15,15,15,372.09,310.72,"1,281.35",957.78
2028,20,20,20,20,325.2,274.09,"1,079.48",835.77
2028,25,25,25,25,292.55,247.83,950.92,750.81
2028,30,30,30,30,268.78,228.41,862.42,688.38
2028,35,35,35,35,250.96,213.72,798.15,640.97
2028,40,40,40,40,237.35,202.48,749.66,604.11
2028,45,45,45,45,226.91,193.88,712.02,575.06
2028,50,50,50,50,218.93,187.37,682.21,552.08
2028,55,55,55,55,212.48,181.98,661.36,526.53
2028,60,60,60,60,208.14,178.66,641.98,512.82
2028,65,65,65,65,205.23,176.59,626.27,503.13
2028,70,70,70,70,203.57,175.65,613.66,497.51
2028,75,75,75,75,203.07,175.73,603.84,496.55
2028,80,80,80,80,203.6,176.84,594.49,501.53
2028,85,85,85,85,205.29,178.78,590.42,516.64
2028,90,90,90,90,207.91,181.59,590.31,515.91
2028,95,95,95,95,211.34,185.27,590.31,515.63
2028,100,100,100,100,215.59,189.82,590.31,515.81
2028,105,105,105,105,220.68,195.26,590.31,515.69
2028,110,110,110,110,226.64,201.64,590.31,515.69
2029,5,5,5,5,552.15,443.33,"2,189.93","1,452.48"
2029,10,10,10,10,436.9,358.3,"1,614.34","1,127.28"
2029,15,15,15,15,365.58,304.37,"1,276.84",945.82
2029,20,20,20,20,319.65,268.68,"1,075.30",825.8
2029,25,25,25,25,287.67,243.08,947.14,742.1
2029,30,30,30,30,264.42,224.17,859.01,680.53
2029,35,35,35,35,247,209.87,795.05,633.71
2029,40,40,40,40,233.72,198.95,746.8,597.29
2029,45,45,45,45,223.53,190.6,709.35,568.56
2029,50,50,50,50,215.76,184.31,679.69,545.82
2029,55,55,55,55,209.49,179.08,659.01,520.48
2029,60,60,60,60,205.27,175.88,639.71,506.94
2029,65,65,65,65,202.45,173.91,624.06,497.38
2029,70,70,70,70,200.86,173.03,611.51,491.9
2029,75,75,75,75,200.39,173.14,601.75,491.06
2029,80,80,80,80,200.95,174.27,592.44,496.18
2029,85,85,85,85,202.63,176.18,588.49,511.47
2029,90,90,90,90,205.21,178.95,588.4,510.75
2029,95,95,95,95,208.58,182.56,588.4,510.5
2029,100,100,100,100,212.75,187.02,588.4,510.69
2029,105,105,105,105,217.72,192.35,588.4,510.57
2029,110,110,110,110,223.56,198.59,588.4,510.57
2030,5,5,5,5,541.65,432.67,"2,189.65","1,437.70"
2030,10,10,10,10,427.94,349.5,"1,608.78","1,111.28"
2030,15,15,15,15,358.04,297.04,"1,270.41",932.55
2030,20,20,20,20,313.19,262.38,"1,069.89",814.81
2030,25,25,25,25,281.96,237.52,942.38,732.52
2030,30,30,30,30,259.29,219.16,854.71,671.91
2030,35,35,35,35,242.32,205.31,791.13,625.77
2030,40,40,40,40,229.4,194.73,743.18,589.86
2030,45,45,45,45,219.5,186.67,705.99,561.52
2030,50,50,50,50,211.95,180.59,676.52,539.1
2030,55,55,55,55,205.87,175.57,655.96,514
2030,60,60,60,60,201.8,172.51,636.79,500.68
2030,65,65,65,65,199.08,170.63,621.24,491.32
2030,70,70,70,70,197.56,169.82,608.78,485.99
2030,75,75,75,75,197.13,169.96,599.1,485.29
2030,80,80,80,80,197.72,171.12,589.83,490.51
2030,85,85,85,85,199.39,173.01,585.99,505.84
2030,90,90,90,90,201.93,175.74,585.92,505.14
2030,95,95,95,95,205.23,179.28,585.92,504.88
2030,100,100,100,100,209.31,183.64,585.92,505.05
2030,105,105,105,105,214.17,188.84,585.92,504.95
2030,110,110,110,110,219.86,194.92,585.92,504.95
2031,5,5,5,5,530.42,421.55,"2,183.94","1,422.71"
2031,10,10,10,10,418.6,340.28,"1,602.98","1,097.64"
2031,15,15,15,15,350.18,289.33,"1,264.33",921.39
2031,20,20,20,20,306.42,255.73,"1,064.69",805.45
2031,25,25,25,25,275.97,231.61,937.82,724.27
2031,30,30,30,30,253.88,213.83,850.65,664.42
2031,35,35,35,35,237.37,200.42,787.45,618.84
2031,40,40,40,40,224.8,190.2,739.8,583.34
2031,45,45,45,45,215.18,182.42,702.83,555.34
2031,50,50,50,50,207.86,176.57,673.53,533.2
2031,55,55,55,55,201.96,171.73,652.9,508.27
2031,60,60,60,60,198.01,168.79,633.82,495.13
2031,65,65,65,65,195.39,167.01,618.35,485.91
2031,70,70,70,70,193.94,166.26,605.95,480.69
2031,75,75,75,75,193.55,166.44,596.31,480.02
2031,80,80,80,80,194.15,167.61,587,485.16
2031,85,85,85,85,195.81,169.48,583.24,500.17
2031,90,90,90,90,198.3,172.16,583.18,499.44
2031,95,95,95,95,201.54,175.63,583.18,499.14
2031,100,100,100,100,205.53,179.89,583.18,499.25
2031,105,105,105,105,210.28,184.98,583.18,499.15
2031,110,110,110,110,215.83,190.91,583.18,499.15
2032,5,5,5,5,519.07,410.42,"2,175.63","1,410.13"
2032,10,10,10,10,409.16,330.97,"1,596.28","1,085.99"
2032,15,15,15,15,342.2,281.48,"1,257.89",911.48
2032,20,20,20,20,299.51,248.92,"1,059.21",796.93
2032,25,25,25,25,269.82,225.55,933.03,716.65
2032,30,30,30,30,248.32,208.33,846.39,657.43
2032,35,35,35,35,232.25,195.36,783.58,612.3
2032,40,40,40,40,220.03,185.49,736.23,577.17
2032,45,45,45,45,210.69,177.98,699.48,549.46
2032,50,50,50,50,203.59,172.34,670.35,527.57
2032,55,55,55,55,197.84,167.68,649.64,502.78
2032,60,60,60,60,194.03,164.87,630.65,489.83
2032,65,65,65,65,191.5,163.18,615.25,480.77
2032,70,70,70,70,190.1,162.48,602.9,475.66
2032,75,75,75,75,189.75,162.69,593.31,475.07
2032,80,80,80,80,190.35,163.86,583.95,480.17
2032,85,85,85,85,191.98,165.71,580.25,494.94
2032,90,90,90,90,194.43,168.33,580.19,494.2
2032,95,95,95,95,197.59,171.72,580.19,493.85
2032,100,100,100,100,201.48,175.88,580.19,493.9
2032,105,105,105,105,206.11,180.83,580.19,493.81
2032,110,110,110,110,211.51,186.61,580.19,493.81
2033,5,5,5,5,508.25,400.07,"2,166.46","1,390.55"
2033,10,10,10,10,399.72,321.79,"1,589.45","1,069.31"
2033,15,15,15,15,334.09,273.58,"1,251.41",897.94
2033,20,20,20,20,292.4,241.97,"1,053.57",785.58
2033,25,25,25,25,263.45,219.3,928.15,706.7
2033,30,30,30,30,242.51,202.64,842.12,648.45
2033,35,35,35,35,226.89,190.1,779.75,604.03
2033,40,40,40,40,215.03,180.56,732.69,569.43
2033,45,45,45,45,205.96,173.32,696.14,542.14
2033,50,50,50,50,199.07,167.9,667.15,520.58
2033,55,55,55,55,193.49,163.4,646.34,496.02
2033,60,60,60,60,189.79,160.72,627.41,483.29
2033,65,65,65,65,187.35,159.11,612.04,474.4
2033,70,70,70,70,186.01,158.47,599.71,469.41
2033,75,75,75,75,185.68,158.7,590.14,468.85
2033,80,80,80,80,186.27,159.86,580.72,473.87
2033,85,85,85,85,187.88,161.67,577.04,488.27
2033,90,90,90,90,190.26,164.23,576.99,487.51
2033,95,95,95,95,193.35,167.53,576.99,487.11
2033,100,100,100,100,197.13,171.58,576.99,487.08
2033,105,105,105,105,201.62,176.38,576.99,487
2033,110,110,110,110,206.86,181.99,576.99,487
2034,5,5,5,5,494.65,386.92,"2,155.37","1,376.20"
2034,10,10,10,10,389.11,311.48,"1,581.19","1,055.75"
2034,15,15,15,15,325.28,265.03,"1,244.06",886.24
2034,20,20,20,20,284.78,234.55,"1,047.34",775.47
2034,25,25,25,25,256.66,212.68,922.68,697.67
2034,30,30,30,30,236.33,196.6,837.2,640.16
2034,35,35,35,35,221.17,184.5,775.25,596.29
2034,40,40,40,40,209.66,175.31,728.51,562.1
2034,45,45,45,45,200.87,168.34,692.21,535.14
2034,50,50,50,50,194.19,163.12,663.41,513.85
2034,55,55,55,55,188.77,158.8,642.56,489.45
2034,60,60,60,60,185.19,156.22,623.74,476.92
2034,65,65,65,65,182.83,154.69,608.46,468.19
2034,70,70,70,70,181.54,154.1,596.2,463.32
2034,75,75,75,75,181.23,154.34,586.68,462.83
2034,80,80,80,80,181.82,155.49,577.23,467.82
2034,85,85,85,85,183.39,157.27,573.59,482.02
2034,90,90,90,90,185.72,159.76,573.55,481.25
2034,95,95,95,95,188.71,162.97,573.55,480.83
2034,100,100,100,100,192.39,166.9,573.55,480.75
2034,105,105,105,105,196.75,171.56,573.55,480.68
2034,110,110,110,110,201.83,177,573.55,480.68
2035,5,5,5,5,480.75,373.59,"2,142.37","1,356.68"
2035,10,10,10,10,378.13,300.88,"1,571.61","1,038.12"
2035,15,15,15,15,316.12,256.17,"1,235.82",871.83
2035,20,20,20,20,276.83,226.82,"1,040.43",763.44
2035,25,25,25,25,249.55,205.75,916.64,687.04
2035,30,30,30,30,229.83,190.26,831.79,630.45
2035,35,35,35,35,215.13,178.61,770.31,587.28
2035,40,40,40,40,203.98,169.77,723.92,553.66
2035,45,45,45,45,195.47,163.06,687.89,527.18
2035,50,50,50,50,189.01,158.05,659.3,506.28
2035,55,55,55,55,183.75,153.89,638.45,482.13
2035,60,60,60,60,180.29,151.43,619.75,469.87
2035,65,65,65,65,178.01,149.97,604.57,461.36
2035,70,70,70,70,176.76,149.41,592.38,456.66
2035,75,75,75,75,176.47,149.66,582.92,456.25
2035,80,80,80,80,177.04,150.8,573.45,461.22
2035,85,85,85,85,178.57,152.52,569.86,475.17
2035,90,90,90,90,180.82,154.94,569.82,474.4
2035,95,95,95,95,183.72,158.04,569.82,473.95
2035,100,100,100,100,187.27,161.83,569.82,473.82
2035,105,105,105,105,191.48,166.34,569.82,473.76
2035,110,110,110,110,196.39,171.58,569.82,473.76
2036,5,5,5,5,466.95,360.39,"2,127.91","1,342.64"
2036,10,10,10,10,366.72,289.83,"1,561.20","1,024.92"
2036,15,15,15,15,306.42,246.73,"1,227.06",860.34
2036,20,20,20,20,268.3,218.49,"1,033.06",753.43
2036,25,25,25,25,241.87,198.23,910.19,678.07
2036,30,30,30,30,222.79,183.34,826,622.23
2036,35,35,35,35,208.57,172.17,764.99,579.59
2036,40,40,40,40,197.79,163.68,718.98,546.37
2036,45,45,45,45,189.57,157.26,683.22,520.2
2036,50,50,50,50,183.33,152.46,654.85,499.55
2036,55,55,55,55,178.24,148.48,634.01,475.57
2036,60,60,60,60,174.91,146.13,615.45,463.47
2036,65,65,65,65,172.7,144.75,600.37,455.1
2036,70,70,70,70,171.5,144.23,588.26,450.5
2036,75,75,75,75,171.22,144.48,578.86,450.14
2036,80,80,80,80,171.77,145.59,569.37,455.08
2036,85,85,85,85,173.25,147.25,565.81,468.83
2036,90,90,90,90,175.42,149.59,565.78,468.05
2036,95,95,95,95,178.22,152.58,565.78,467.58
2036,100,100,100,100,181.64,156.23,565.78,467.42
2036,105,105,105,105,185.7,160.57,565.78,467.36
2036,110,110,110,110,190.42,165.62,565.78,467.36
2037,5,5,5,5,451.92,346.01,"2,111.74","1,324.30"
2037,10,10,10,10,354.35,277.86,"1,549.17","1,009.01"
2037,15,15,15,15,295.89,236.5,"1,217.04",846.89
2037,20,20,20,20,259.04,209.44,"1,024.69",741.82
2037,25,25,25,25,233.51,190.04,902.91,667.71
2037,30,30,30,30,215.11,175.8,819.48,612.77
2037,35,35,35,35,201.4,165.12,759.04,570.79
2037,40,40,40,40,191.02,157.02,713.44,538.07
2037,45,45,45,45,183.11,150.89,678.01,512.29
2037,50,50,50,50,177.1,146.32,649.88,491.97
2037,55,55,55,55,172.19,142.52,629.11,468.24
2037,60,60,60,60,168.98,140.28,610.7,456.37
2037,65,65,65,65,166.86,138.98,595.74,448.18
2037,70,70,70,70,165.7,138.49,583.72,443.71
2037,75,75,75,75,165.42,138.75,574.38,443.43
2037,80,80,80,80,165.94,139.82,564.9,448.34
2037,85,85,85,85,167.37,141.42,561.38,461.88
2037,90,90,90,90,169.46,143.66,561.35,461.1
2037,95,95,95,95,172.14,146.53,561.35,460.6
2037,100,100,100,100,175.42,150.03,561.35,460.4
2037,105,105,105,105,179.3,154.19,561.35,460.35
2037,110,110,110,110,183.83,159.02,561.35,460.35
2038,5,5,5,5,435.69,330.48,"2,093.35","1,305.12"
2038,10,10,10,10,341.02,265,"1,535.18",992.05
2038,15,15,15,15,284.56,225.49,"1,205.52",833.28
2038,20,20,20,20,249.06,199.7,"1,015.16",730.49
2038,25,25,25,25,224.51,181.21,894.67,657.73
2038,30,30,30,30,206.81,167.65,812.15,603.72
2038,35,35,35,35,193.65,157.48,752.37,562.45
2038,40,40,40,40,183.69,149.78,707.27,530.27
2038,45,45,45,45,176.09,143.96,672.22,504.92
2038,50,50,50,50,170.32,139.61,644.37,484.94
2038,55,55,55,55,165.6,136,623.72,461.51
2038,60,60,60,60,162.52,133.89,605.47,449.86
2038,65,65,65,65,160.48,132.65,590.64,441.84
2038,70,70,70,70,159.36,132.2,578.72,437.49
2038,75,75,75,75,159.08,132.45,569.47,437.27
2038,80,80,80,80,159.57,133.47,560,442.14
2038,85,85,85,85,160.93,135,556.52,455.46
2038,90,90,90,90,162.92,137.14,556.5,454.68
2038,95,95,95,95,165.47,139.87,556.5,454.16
2038,100,100,100,100,168.59,143.2,556.5,453.92
2038,105,105,105,105,172.29,147.16,556.5,453.88
2038,110,110,110,110,176.61,151.76,556.5,453.88
2039,5,5,5,5,418.27,313.64,"2,075.26","1,286.08"
2039,10,10,10,10,326.94,251.25,"1,522.15",976.61
2039,15,15,15,15,272.62,213.78,"1,194.87",819.99
2039,20,20,20,20,238.54,189.33,"1,006.12",718.76
2039,25,25,25,25,214.98,171.81,886.67,647.15
2039,30,30,30,30,198.03,158.97,804.88,594
2039,35,35,35,35,185.43,149.35,745.64,553.35
2039,40,40,40,40,175.88,142.06,700.95,521.64
2039,45,45,45,45,168.61,136.55,666.21,496.66
2039,50,50,50,50,163.08,132.44,638.61,476.98
2039,55,55,55,55,158.56,129.03,618.04,453.83
2039,60,60,60,60,155.6,127.03,599.95,442.37
2039,65,65,65,65,153.64,125.86,585.24,434.49
2039,70,70,70,70,152.55,125.43,573.41,430.23
2039,75,75,75,75,152.27,125.67,564.22,430.03
2039,80,80,80,80,152.71,126.64,554.77,434.81
2039,85,85,85,85,153.99,128.09,551.3,447.85
2039,90,90,90,90,155.87,130.1,551.28,447.06
2039,95,95,95,95,158.28,132.68,551.28,446.52
2039,100,100,100,100,161.23,135.83,551.28,446.24
2039,105,105,105,105,164.72,139.56,551.28,446.21
2039,110,110,110,110,168.79,143.91,551.28,446.21
2040,5,5,5,5,399.35,295.06,"2,059.05","1,270.33"
2040,10,10,10,10,311.13,235.65,"1,508.91",961.77
2040,15,15,15,15,259.02,200.33,"1,183.50",806.76
2040,20,20,20,20,226.47,177.35,996.37,706.97
2040,25,25,25,25,204.04,160.93,878.01,636.52
2040,30,30,30,30,187.93,148.92,797.01,584.21
2040,35,35,35,35,175.97,139.93,738.35,544.15
2040,40,40,40,40,166.92,133.13,694.1,512.86
2040,45,45,45,45,160.03,128,659.69,488.19
2040,50,50,50,50,154.8,124.18,632.35,468.75
2040,55,55,55,55,150.51,121,611.85,445.83
2040,60,60,60,60,147.7,119.16,593.91,434.53
2040,65,65,65,65,145.83,118.08,579.31,426.79
2040,70,70,70,70,144.79,117.69,567.57,422.63
2040,75,75,75,75,144.51,117.92,558.45,422.49
2040,80,80,80,80,144.91,118.83,549.06,427.27
2040,85,85,85,85,146.1,120.18,545.69,440.17
2040,90,90,90,90,147.86,122.06,545.66,439.38
2040,95,95,95,95,150.1,124.46,545.66,438.82
2040,100,100,100,100,152.84,127.39,545.66,438.51
2040,105,105,105,105,156.09,130.86,545.66,438.48
2040,110,110,110,110,159.88,134.9,545.66,438.48
2041,5,5,5,5,377.78,274.07,"2,036.92","1,246.46"
2041,10,10,10,10,293.68,218.49,"1,493.15",943.54
2041,15,15,15,15,244.19,185.66,"1,170.91",791.35
2041,20,20,20,20,213.38,164.35,985.75,693.44
2041,25,25,25,25,192.19,149.14,868.64,624.32
2041,30,30,30,30,177,138.03,788.49,573.01
2041,35,35,35,35,165.73,129.72,730.46,533.7
2041,40,40,40,40,157.21,123.44,686.69,503
2041,45,45,45,45,150.72,118.71,652.65,478.79
2041,50,50,50,50,145.8,115.19,625.61,459.72
2041,55,55,55,55,141.75,112.26,605.24,437.17
2041,60,60,60,60,139.1,110.56,587.48,426.1
2041,65,65,65,65,137.33,109.58,573.02,418.52
2041,70,70,70,70,136.34,109.23,561.39,414.46
2041,75,75,75,75,136.07,109.46,552.34,414.33
2041,80,80,80,80,136.41,110.31,542.99,418.99
2041,85,85,85,85,137.53,111.58,539.61,431.53
2041,90,90,90,90,139.16,113.33,539.59,430.74
2041,95,95,95,95,141.25,115.57,539.59,430.17
2041,100,100,100,100,143.8,118.29,539.59,429.81
2041,105,105,105,105,146.83,121.52,539.59,429.79
2041,110,110,110,110,150.35,125.28,539.59,429.79
2042,5,5,5,5,356.75,252.75,"2,028.67","1,232.37"
2042,10,10,10,10,276.21,201.09,"1,480.86",926.32
2042,15,15,15,15,229.17,170.78,"1,158.38",775.25
2042,20,20,20,20,200.08,151.17,974.57,679.1
2042,25,25,25,25,180.14,137.19,858.49,611.43
2042,30,30,30,30,165.87,126.98,779.15,561.13
2042,35,35,35,35,155.3,119.36,721.75,522.51
2042,40,40,40,40,147.31,113.61,678.47,492.29
2042,45,45,45,45,141.23,109.27,644.84,468.43
2042,50,50,50,50,136.61,106.06,618.12,449.62
2042,55,55,55,55,132.81,103.37,597.97,427.29
2042,60,60,60,60,130.32,101.83,580.42,416.4
2042,65,65,65,65,128.66,100.94,566.13,408.98
2042,70,70,70,70,127.72,100.63,554.63,405.06
2042,75,75,75,75,127.45,100.86,545.69,405.07
2042,80,80,80,80,127.75,101.66,536.39,409.88
2042,85,85,85,85,128.8,102.83,533.09,422.6
2042,90,90,90,90,130.31,104.46,533.09,421.84
2042,95,95,95,95,132.25,106.53,533.09,421.28
2042,100,100,100,100,134.61,109.05,533.09,420.93
2042,105,105,105,105,137.41,112.04,533.09,420.93
2042,110,110,110,110,140.66,115.51,533.09,420.93
2043,5,5,5,5,335.54,232.38,"2,000.47","1,203.93"
2043,10,10,10,10,259.18,184.48,"1,461.67",905.53
2043,15,15,15,15,214.73,156.59,"1,143.57",757.92
2043,20,20,20,20,187.33,138.59,962.19,663.93
2043,25,25,25,25,168.6,125.78,847.62,597.75
2043,30,30,30,30,155.22,116.43,769.3,548.57
2043,35,35,35,35,145.31,109.46,712.63,510.82
2043,40,40,40,40,137.84,104.21,669.91,481.28
2043,45,45,45,45,132.15,100.25,636.71,457.96
2043,50,50,50,50,127.82,97.32,610.32,439.6
2043,55,55,55,55,124.26,94.87,590.34,417.72
2043,60,60,60,60,121.92,93.47,573,407.1
2043,65,65,65,65,120.35,92.67,558.88,399.86
2043,70,70,70,70,119.46,92.41,547.51,396.04
2043,75,75,75,75,119.2,92.62,538.66,396.05
2043,80,80,80,80,119.45,93.37,529.42,400.7
2043,85,85,85,85,120.41,94.46,526.1,412.98
2043,90,90,90,90,121.81,95.96,526.1,412.22
2043,95,95,95,95,123.6,97.87,526.1,411.64
2043,100,100,100,100,125.77,100.2,526.1,411.26
2043,105,105,105,105,128.35,102.95,526.1,411.26
2043,110,110,110,110,131.35,106.15,526.1,411.26
2044,5,5,5,5,315.57,213.34,"1,970.22","1,173.94"
2044,10,10,10,10,243.17,168.98,"1,440.90",883.54
2044,15,15,15,15,201.16,143.34,"1,127.54",739.58
2044,20,20,20,20,175.35,126.83,948.76,647.86
2044,25,25,25,25,157.75,115.1,835.83,583.27
2044,30,30,30,30,145.2,106.57,758.62,535.27
2044,35,35,35,35,135.93,100.2,702.75,498.43
2044,40,40,40,40,128.93,95.41,660.63,469.61
2044,45,45,45,45,123.6,91.81,627.89,446.87
2044,50,50,50,50,119.55,89.14,601.86,428.96
2044,55,55,55,55,116.2,86.91,582.07,407.58
2044,60,60,60,60,114.01,85.64,564.97,397.23
2044,65,65,65,65,112.53,84.92,551.03,390.19
2044,70,70,70,70,111.68,84.69,539.8,386.47
2044,75,75,75,75,111.41,84.9,531.05,386.47
2044,80,80,80,80,111.62,85.59,521.87,390.95
2044,85,85,85,85,112.5,86.6,518.56,402.77
2044,90,90,90,90,113.79,87.99,518.56,402.01
2044,95,95,95,95,115.44,89.74,518.56,401.42
2044,100,100,100,100,117.44,91.88,518.56,401
2044,105,105,105,105,119.81,94.41,518.56,401
2044,110,110,110,110,122.56,97.35,518.56,401
2045,5,5,5,5,296.66,195.51,"1,938.17","1,143.94"
2045,10,10,10,10,228.03,154.47,"1,418.71",861.43
2045,15,15,15,15,188.34,130.93,"1,110.37",721.12
2045,20,20,20,20,164.02,115.82,934.39,631.67
2045,25,25,25,25,147.5,105.11,823.2,568.69
2045,30,30,30,30,135.73,97.32,747.17,521.88
2045,35,35,35,35,127.04,91.52,692.16,485.95
2045,40,40,40,40,120.49,87.16,650.68,457.85
2045,45,45,45,45,115.5,83.88,618.43,435.69
2045,50,50,50,50,111.71,81.46,592.8,418.24
2045,55,55,55,55,108.57,79.43,573.23,397.35
2045,60,60,60,60,106.51,78.28,556.38,387.27
2045,65,65,65,65,105.11,77.64,542.64,380.42
2045,70,70,70,70,104.3,77.44,531.56,376.8
2045,75,75,75,75,104.03,77.64,522.91,376.78
2045,80,80,80,80,104.2,78.28,513.82,381.09
2045,85,85,85,85,105,79.21,510.5,392.48
2045,90,90,90,90,106.19,80.48,510.5,391.72
2045,95,95,95,95,107.69,82.09,510.5,391.11
2045,100,100,100,100,109.53,84.05,510.5,390.67
2045,105,105,105,105,111.7,86.36,510.5,390.67
2045,110,110,110,110,114.22,89.06,510.5,390.67
2046,5,5,5,5,279.48,179.62,"1,904.55","1,113.98"
2046,10,10,10,10,213.68,140.88,"1,395.21",839.26
2046,15,15,15,15,176,119.11,"1,092.16",702.6
2046,20,20,20,20,153.05,105.25,919.13,615.44
2046,25,25,25,25,137.55,95.49,809.79,554.06
2046,30,30,30,30,126.55,88.43,735.02,508.44
2046,35,35,35,35,118.45,83.19,680.91,473.44
2046,40,40,40,40,112.36,79.27,640.11,446.06
2046,45,45,45,45,107.73,76.34,608.39,424.47
2046,50,50,50,50,104.21,74.18,583.17,407.47
2046,55,55,55,55,101.3,72.36,563.85,387.09
2046,60,60,60,60,99.38,71.35,547.27,377.28
2046,65,65,65,65,98.06,70.78,533.74,370.61
2046,70,70,70,70,97.29,70.6,522.82,367.08
2046,75,75,75,75,97.01,70.78,514.3,367.04
2046,80,80,80,80,97.11,71.35,505.29,371.19
2046,85,85,85,85,97.81,72.16,501.99,382.16
2046,90,90,90,90,98.85,73.28,501.99,381.4
2046,95,95,95,95,100.17,74.7,501.99,380.79
2046,100,100,100,100,101.78,76.42,501.99,380.33
2046,105,105,105,105,103.69,78.46,501.99,380.33
2046,110,110,110,110,105.92,80.83,501.99,380.33
2047,5,5,5,5,262.26,163.78,"1,869.14","1,084.50"
2047,10,10,10,10,200.08,128.17,"1,370.21",817.33
2047,15,15,15,15,164.54,108.29,"1,072.75",684.27
2047,20,20,20,20,142.96,95.66,902.86,599.39
2047,25,25,25,25,128.41,86.78,795.49,539.6
2047,30,30,30,30,118.11,80.37,722.05,495.16
2047,35,35,35,35,110.53,75.62,668.91,461.07
2047,40,40,40,40,104.83,72.06,628.83,434.4
2047,45,45,45,45,100.5,69.4,597.67,413.38
2047,50,50,50,50,97.2,67.45,572.9,396.83
2047,55,55,55,55,94.47,65.8,553.86,376.96
2047,60,60,60,60,92.66,64.89,537.56,367.42
2047,65,65,65,65,91.42,64.38,524.26,360.93
2047,70,70,70,70,90.68,64.23,513.52,357.49
2047,75,75,75,75,90.4,64.39,505.12,357.45
2047,80,80,80,80,90.47,64.92,496.23,361.45
2047,85,85,85,85,91.1,65.67,492.95,372.04
2047,90,90,90,90,92.06,66.7,492.95,371.3
2047,95,95,95,95,93.27,67.99,492.95,370.69
2047,100,100,100,100,94.74,69.57,492.95,370.23
2047,105,105,105,105,96.49,71.43,492.95,370.23
2047,110,110,110,110,98.53,73.6,492.95,370.23
2048,5,5,5,5,246.16,149.18,"1,832.41","1,053.99"
2048,10,10,10,10,187.39,116.47,"1,344.04",794.63
2048,15,15,15,15,153.85,98.33,"1,052.41",665.32
2048,20,20,20,20,133.55,86.84,885.8,582.79
2048,25,25,25,25,119.9,78.77,780.48,524.65
2048,30,30,30,30,110.25,72.95,708.45,481.45
2048,35,35,35,35,103.16,68.65,656.31,448.29
2048,40,40,40,40,97.82,65.43,616.99,422.37
2048,45,45,45,45,93.76,63.02,586.42,401.94
2048,50,50,50,50,90.68,61.25,562.11,385.86
2048,55,55,55,55,88.11,59.77,543.38,366.52
2048,60,60,60,60,86.41,58.94,527.38,357.26
2048,65,65,65,65,85.23,58.49,514.32,350.96
2048,70,70,70,70,84.52,58.35,503.77,347.63
2048,75,75,75,75,84.24,58.51,495.51,347.58
2048,80,80,80,80,84.28,59,486.75,351.46
2048,85,85,85,85,84.86,59.69,483.49,361.67
2048,90,90,90,90,85.73,60.63,483.49,360.94
2048,95,95,95,95,86.84,61.81,483.49,360.33
2048,100,100,100,100,88.19,63.26,483.49,359.87
2048,105,105,105,105,89.79,64.96,483.49,359.87
2048,110,110,110,110,91.64,66.94,483.49,359.87
2049,5,5,5,5,231.2,135.88,"1,793.97","1,022.40"
2049,10,10,10,10,175.62,105.84,"1,316.51",771.02
2049,15,15,15,15,143.96,89.28,"1,030.98",645.58
2049,20,20,20,20,124.85,78.82,867.81,565.5
2049,25,25,25,25,112.04,71.49,764.66,509.09
2049,30,30,30,30,102.99,66.21,694.1,467.16
2049,35,35,35,35,96.34,62.31,643.03,434.99
2049,40,40,40,40,91.34,59.39,604.51,409.84
2049,45,45,45,45,87.54,57.22,574.56,390.02
2049,50,50,50,50,84.64,55.62,550.74,374.43
2049,55,55,55,55,82.23,54.27,532.35,355.65
2049,60,60,60,60,80.63,53.53,516.66,346.67
2049,65,65,65,65,79.51,53.12,503.86,340.56
2049,70,70,70,70,78.84,53.01,493.51,337.34
2049,75,75,75,75,78.56,53.16,485.41,337.3
2049,80,80,80,80,78.56,53.6,476.79,341.04
2049,85,85,85,85,79.09,54.23,473.57,350.9
2049,90,90,90,90,79.89,55.09,473.57,350.18
2049,95,95,95,95,80.9,56.18,473.57,349.59
2049,100,100,100,100,82.13,57.5,473.57,349.12
2049,105,105,105,105,83.59,59.05,473.57,349.12
2049,110,110,110,110,85.29,60.86,473.57,349.12
2050,5,5,5,5,217.37,123.84,"1,754.63",989.76
2050,10,10,10,10,164.76,96.22,"1,288.11",746.6
2050,15,15,15,15,134.85,81.1,"1,008.85",625.14
2050,20,20,20,20,116.84,71.58,849.24,547.6
2050,25,25,25,25,104.8,64.92,748.32,492.97
2050,30,30,30,30,96.3,60.12,679.28,452.36
2050,35,35,35,35,90.06,56.58,629.31,421.21
2050,40,40,40,40,85.38,53.94,591.62,396.86
2050,45,45,45,45,81.81,51.96,562.3,377.67
2050,50,50,50,50,79.09,50.52,538.99,362.57
2050,55,55,55,55,76.82,49.3,520.96,344.37
2050,60,60,60,60,75.31,48.63,505.6,335.68
2050,65,65,65,65,74.25,48.27,493.06,329.77
2050,70,70,70,70,73.6,48.17,482.93,326.65
2050,75,75,75,75,73.33,48.31,474.98,326.6
2050,80,80,80,80,73.31,48.72,466.52,330.21
2050,85,85,85,85,73.79,49.3,463.35,339.7
2050,90,90,90,90,74.52,50.09,463.35,339
2050,95,95,95,95,75.45,51.08,463.35,338.41
2050,100,100,100,100,76.57,52.28,463.35,337.94
2050,105,105,105,105,77.9,53.7,463.35,337.94
2050,110,110,110,110,79.45,55.36,463.35,337.94
