Jurisdiction,Mastertype,Typecast,Functional unit,Product stage (A1-A3) Emission intensity  (tCO2e/unit) - Low,Product stage (A1-A3) Emission intensity  (tCO2e/unit) - Mid,Product stage (A1-A3) Emission intensity  (tCO2e/unit) - High,Transport (A4) Emission intensity (tCO2e/unit) - Low,Transport (A4) Emission intensity (tCO2e/unit) - Mid,Transport (A4) Emission intensity (tCO2e/unit) - High,Construction (A5) Emission intensity (tCO2e/unit) - Low,Construction (A5) Emission intensity (tCO2e/unit) - Mid,Construction (A5) Emission intensity (tCO2e/unit) - High,Source/Comments
Australia,Transport Building,Parking Facility,m2  GFA,0.362,0.482,0.603,0.0191,0.0255,0.0319,0.482,0.603,0.0191,Infrastructure and Transport Ministers Embodied Carbon Databook (ECD) 2026.
Australia,Transport Building,Warehouse,m2  GFA,0.26,0.346,0.433,0.0146,0.0195,0.0244,0.346,0.433,0.0146,Infrastructure and Transport Ministers Embodied Carbon Databook (ECD) 2026.
Australia,Rail,Bridge (Rail),$ material spend,0.00127,0.0017,0.00212,0.000061,0.000081,0.000102,0.0017,0.00212,0.000061,Infrastructure and Transport Ministers Embodied Carbon Databook (ECD) 2026.
Australia,Rail,Light Rail,$ material spend,0.000478,0.000637,0.000797,0.000035,0.000047,0.000059,0.000637,0.000797,0.000035,Infrastructure and Transport Ministers Embodied Carbon Databook (ECD) 2026.
Australia,Rail,"Light Rail, Stabling, and Signalling Works",$ material spend,0.00048,0.00064,0.0008,0.000039,0.000052,0.000065,0.00064,0.0008,0.000039,Infrastructure and Transport Ministers Embodied Carbon Databook (ECD) 2026.
Australia,Rail,Main Line Works (Rail),$ material spend,0.000228,0.000304,0.00038,0.00002,0.000027,0.000034,0.000304,0.00038,0.00002,Infrastructure and Transport Ministers Embodied Carbon Databook (ECD) 2026.
Australia,Rail,Station (Rail),$ material spend,0.000684,0.000911,0.00114,0.000037,0.00005,0.000062,0.000911,0.00114,0.000037,Infrastructure and Transport Ministers Embodied Carbon Databook (ECD) 2026.
Australia,Rail,Tunnel (Rail),$ material spend,0.000646,0.000861,0.00108,0.00004,0.000053,0.000067,0.000861,0.00108,0.00004,Infrastructure and Transport Ministers Embodied Carbon Databook (ECD) 2026.
Australia,Road,Bridge (Road),$ material spend,0.00127,0.0017,0.00212,0.000054,0.000073,0.000091,0.0017,0.00212,0.000054,Infrastructure and Transport Ministers Embodied Carbon Databook (ECD) 2026.
Australia,Road,Low Use Road,$ material spend,0.000343,0.000457,0.000572,0.000033,0.000045,0.000056,0.000457,0.000572,0.000033,Infrastructure and Transport Ministers Embodied Carbon Databook (ECD) 2026.
Australia,Road,Low Use Road Rehabilitation Maintenance,$ material spend,0.000104,0.000138,0.000173,0.000028,0.000037,0.000046,0.000138,0.000173,0.000028,Infrastructure and Transport Ministers Embodied Carbon Databook (ECD) 2026.
Australia,Road,Routine Road Maintenance,$ material spend,0.000137,0.000183,0.000229,0.000025,0.000033,0.000041,0.000183,0.000229,0.000025,Infrastructure and Transport Ministers Embodied Carbon Databook (ECD) 2026.
Australia,Road,State Road (Highway/Freeway),$ material spend,0.000431,0.000517,0.000718,0.000036,0.000043,0.00006,0.000517,0.000718,0.000036,Infrastructure and Transport Ministers Embodied Carbon Databook (ECD) 2026.
Australia,Road,State Road (Highway/Freeway) Rehabilitation Maintenance,$ material spend,0.000115,0.000153,0.000191,0.000026,0.000035,0.000043,0.000153,0.000191,0.000026,Infrastructure and Transport Ministers Embodied Carbon Databook (ECD) 2026.
Australia,Road,Tunnel (Road),$ material spend,0.000516,0.000688,0.00086,0.000037,0.000049,0.000061,0.000688,0.00086,0.000037,Infrastructure and Transport Ministers Embodied Carbon Databook (ECD) 2026.
Australia,Road/Rail,Level Crossing,$ material spend,0.000694,0.000926,0.00116,0.000033,0.000044,0.000056,0.000926,0.00116,0.000033,Infrastructure and Transport Ministers Embodied Carbon Databook (ECD) 2026.
New Zealand,Road,Road/Busway/Path,lane km,2500,2500,2500,200,200,200,525,525,525,New Zealand Transport Agency & KiwiRail Project Emissions Estimation Tool (PEET) Version 6.0
New Zealand,Road,Bridge only ,lane km,9100,9100,9100,728,728,728,1911,1911,1911,New Zealand Transport Agency & KiwiRail Project Emissions Estimation Tool (PEET) Version 6.0
New Zealand,Road,Intersection improvements,lane km,3000,3000,3000,240,240,240,630,630,630,New Zealand Transport Agency & KiwiRail Project Emissions Estimation Tool (PEET) Version 6.0
New Zealand,Road,Tunnel,lane km,7700,7700,7700,616,616,616,1617,1617,1617,New Zealand Transport Agency & KiwiRail Project Emissions Estimation Tool (PEET) Version 6.0
New Zealand,Road,Safety and traffic flow improvements,lane km,1700,1700,1700,136,136,136,357,357,357,New Zealand Transport Agency & KiwiRail Project Emissions Estimation Tool (PEET) Version 6.0
