Jurisdiction,Range,2025,2026,2027,2028,2029,2030,2031,2032,2033,2034,2035,2036,2037,2038,2039,2040,2041,2042,2043,2044,2045,2046,2047,2048,2049,2050,2051,2052,2053,2054,2055,2056,2057,2058,2059,2060,2061,2062,2063,2064,2065,2066,2067,2068,2069,2070,2071,2072,2073,2074,2075,2076,2077,2078,2079,2080,2081,2082,2083,2084,2085,2086,2087,2088,2089,2090,2091,2092,2093,2094,2095,2096,2097,2098,2099,2100,Currency,Source/Comments
NSW,Low,90,89,88,90,96,112,141,183,225,255,270,277,278,278,276,274,272,269,267,264,262,260,257,255,252,250,250,250,250,250,250,250,250,250,250,250,250,250,250,250,250,250,250,250,250,250,250,250,250,250,250,250,250,250,250,250,250,250,250,250,250,250,250,250,250,250,250,250,250,250,250,250,250,250,250,250,AUD 2024,"NSW Treasury 2024, TPG24-34 Carbon emissions in the Investment Framework "
NSW,Central,130,131,133,137,146,164,196,240,284,316,334,343,347,349,350,350,350,350,350,350,350,350,350,350,350,350,350,350,350,350,350,350,350,350,350,350,350,350,350,350,350,350,350,350,350,350,350,350,350,350,350,350,350,350,350,350,350,350,350,350,350,350,350,350,350,350,350,350,350,350,350,350,350,350,350,350,AUD 2024,"NSW Treasury 2024, TPG24-34 Carbon emissions in the Investment Framework (AUD 2024 $ terms)"
NSW,High,230,231,233,237,246,269,313,370,426,470,501,522,538,552,565,578,590,602,614,627,639,651,663,676,688,700,700,700,700,700,700,700,700,700,700,700,700,700,700,700,700,700,700,700,700,700,700,700,700,700,700,700,700,700,700,700,700,700,700,700,700,700,700,700,700,700,700,700,700,700,700,700,700,700,700,700,AUD 2024,"NSW Treasury 2024, TPG24-34 Carbon emissions in the Investment Framework (AUD 2024 $ terms)"
Australia,Low,56,62,69,76,87,107,124,144,159,166,172,184,191,193,206,210,212,215,228,246,267,272,274,276,284,287,287,287,287,287,287,287,287,287,287,287,287,287,287,287,287,287,287,287,287,287,287,287,287,287,287,287,287,287,287,287,287,287,287,287,287,287,287,287,287,287,287,287,287,287,287,287,287,287,287,287,AUD 2023,Infrastructure Australia (AUD 2023 $ terms)
Australia,Central,66,76,88,104,123,148,171,192,209,222,234,244,254,264,273,282,291,300,309,318,326,335,344,354,363,377,377,377,377,377,377,377,377,377,377,377,377,377,377,377,377,377,377,377,377,377,377,377,377,377,377,377,377,377,377,377,377,377,377,377,377,377,377,377,377,377,377,377,377,377,377,377,377,377,377,377,AUD 2023,Infrastructure Australia (AUD 2023 $ terms)
Australia,High,77,95,107,132,152,180,210,227,258,262,280,293,308,319,329,340,351,361,370,375,380,403,421,429,437,469,469,469,469,469,469,469,469,469,469,469,469,469,469,469,469,469,469,469,469,469,469,469,469,469,469,469,469,469,469,469,469,469,469,469,469,469,469,469,469,469,469,469,469,469,469,469,469,469,469,469,AUD 2023,Infrastructure Australia (AUD 2023 $ terms)
New Zealand,Low,80,88,96,103,111,119,122,126,130,133,137,142,146,150,155,159,164,169,174,179,185,190,196,202,208,214,216,218,221,223,225,227,230,232,234,236,239,241,244,246,249,251,254,256,259,261,261,261,261,261,261,261,261,261,261,261,261,261,261,261,261,261,261,261,261,261,261,261,261,261,261,261,261,261,261,261,NZD 2024,NZ Treasury ($NZD 2024 terms)
New Zealand,Central,120,132,143,155,166,178,183,189,194,200,206,212,219,225,232,239,246,253,261,269,277,285,294,303,312,321,331,341,351,361,372,383,395,407,419,432,444,458,472,486,500,515,531,547,563,580,580,580,580,580,580,580,580,580,580,580,580,580,580,580,580,580,580,580,580,580,580,580,580,580,580,580,580,580,580,580,NZD 2024,NZ Treasury ($NZD 2024 terms)
New Zealand,High,161,176,191,206,222,237,244,251,259,267,275,283,292,300,309,319,328,338,348,359,369,380,392,404,416,428,450,472,496,520,546,574,602,633,664,697,732,769,807,848,890,935,981,1030,1082,1136,1136,1136,1136,1136,1136,1136,1136,1136,1136,1136,1136,1136,1136,1136,1136,1136,1136,1136,1136,1136,1136,1136,1136,1136,1136,1136,1136,1136,1136,1136,NZD 2024,NZ Treasury ($NZD 2024 terms)
