"AC, HMA, 5% virgin bitumen (70%RAP)",tonne,"AC, HMA, 5% virgin bitumen (50%RAP)",tonne,1
"SMA, HMA, 6.5% virgin bitumen (5%RAP)",tonne,"SMA, HMA, 6.5% virgin bitumen (0% RAP) (0%RAP)",tonne,1
"SMA, HMA, 6.5% virgin bitumen (10%RAP)",tonne,"SMA, HMA, 6.5% virgin bitumen (0% RAP) (5%RAP)",tonne,1
"SMA, HMA, 6.5% virgin bitumen (15%RAP)",tonne,"SMA, HMA, 6.5% virgin bitumen (0% RAP) (10%RAP)",tonne,1
"SMA, HMA, 6.5% virgin bitumen (20%RAP)",tonne,"SMA, HMA, 6.5% virgin bitumen (0% RAP) (15%RAP)",tonne,1
"SMA, HMA, 6.5% virgin bitumen (25%RAP)",tonne,"SMA, HMA, 6.5% virgin bitumen (0% RAP) (20%RAP)",tonne,1
"SMA, HMA, 6.5% virgin bitumen (30%RAP)",tonne,"SMA, HMA, 6.5% virgin bitumen (0% RAP) (25%RAP)",tonne,1
"SMA, HMA, 6.5% virgin bitumen (35%RAP)",tonne,"SMA, HMA, 6.5% virgin bitumen (0% RAP) (30%RAP)",tonne,1
"SMA, HMA, 6.5% virgin bitumen (40%RAP)",tonne,"SMA, HMA, 6.5% virgin bitumen (0% RAP) (35%RAP)",tonne,1
"SMA, HMA, 6.5% virgin bitumen (50%RAP)",tonne,"SMA, HMA, 6.5% virgin bitumen (0% RAP) (40%RAP)",tonne,1
"SMA, HMA, 6.5% virgin bitumen (70%RAP)",tonne,"SMA, HMA, 6.5% virgin bitumen (0% RAP) (50%RAP)",tonne,1
"Open-Graded Porous Asphalt, HMA, 6% virgin bitumen (5%RAP)",tonne,"Open-Graded Porous Asphalt, HMA, 6% virgin bitumen (0%RAP)",tonne,1
"Open-Graded Porous Asphalt, HMA, 6% virgin bitumen (10%RAP)",tonne,"Open-Graded Porous Asphalt, HMA, 6% virgin bitumen (5%RAP)",tonne,1
"Open-Graded Porous Asphalt, HMA, 6% virgin bitumen (15%RAP)",tonne,"Open-Graded Porous Asphalt, HMA, 6% virgin bitumen (10%RAP)",tonne,1
"Open-Graded Porous Asphalt, HMA, 6% virgin bitumen (20%RAP)",tonne,"Open-Graded Porous Asphalt, HMA, 6% virgin bitumen (15%RAP)",tonne,1
"Open-Graded Porous Asphalt, HMA, 6% virgin bitumen (25%RAP)",tonne,"Open-Graded Porous Asphalt, HMA, 6% virgin bitumen (20%RAP)",tonne,1
"Open-Graded Porous Asphalt, HMA, 6% virgin bitumen (30%RAP)",tonne,"Open-Graded Porous Asphalt, HMA, 6% virgin bitumen (25%RAP)",tonne,1
"Open-Graded Porous Asphalt, HMA, 6% virgin bitumen (35%RAP)",tonne,"Open-Graded Porous Asphalt, HMA, 6% virgin bitumen (30%RAP)",tonne,1
"Open-Graded Porous Asphalt, HMA, 6% virgin bitumen (40%RAP)",tonne,"Open-Graded Porous Asphalt, HMA, 6% virgin bitumen (35%RAP)",tonne,1
"Open-Graded Porous Asphalt, HMA, 6% virgin bitumen (50%RAP)",tonne,"Open-Graded Porous Asphalt, HMA, 6% virgin bitumen (40%RAP)",tonne,1
"Open-Graded Porous Asphalt, HMA, 6% virgin bitumen (70%RAP)",tonne,"Open-Graded Porous Asphalt, HMA, 6% virgin bitumen (50%RAP)",tonne,1
"EMOGPA, HMA, 4.5% virgin bitumen (5%RAP)",tonne,"EMOGPA, HMA, 4.5% virgin bitumen (0% RAP) (0%RAP)",tonne,1
"EMOGPA, HMA, 4.5% virgin bitumen (10%RAP)",tonne,"EMOGPA, HMA, 4.5% virgin bitumen (0% RAP) (5%RAP)",tonne,1
"EMOGPA, HMA, 4.5% virgin bitumen (15%RAP)",tonne,"EMOGPA, HMA, 4.5% virgin bitumen (0% RAP) (10%RAP)",tonne,1
"EMOGPA, HMA, 4.5% virgin bitumen (20%RAP)",tonne,"EMOGPA, HMA, 4.5% virgin bitumen (0% RAP) (15%RAP)",tonne,1
"EMOGPA, HMA, 4.5% virgin bitumen (25%RAP)",tonne,"EMOGPA, HMA, 4.5% virgin bitumen (0% RAP) (20%RAP)",tonne,1
"EMOGPA, HMA, 4.5% virgin bitumen (30%RAP)",tonne,"EMOGPA, HMA, 4.5% virgin bitumen (0% RAP) (25%RAP)",tonne,1
"EMOGPA, HMA, 4.5% virgin bitumen (35%RAP)",tonne,"EMOGPA, HMA, 4.5% virgin bitumen (0% RAP) (30%RAP)",tonne,1
"EMOGPA, HMA, 4.5% virgin bitumen (40%RAP)",tonne,"EMOGPA, HMA, 4.5% virgin bitumen (0% RAP) (35%RAP)",tonne,1
"EMOGPA, HMA, 4.5% virgin bitumen (50%RAP)",tonne,"EMOGPA, HMA, 4.5% virgin bitumen (0% RAP) (40%RAP)",tonne,1
"EMOGPA, HMA, 4.5% virgin bitumen (70%RAP)",tonne,"EMOGPA, HMA, 4.5% virgin bitumen (0% RAP) (50%RAP)",tonne,1
