Group,Item,Power (kW),Hours of operation per day,Days of electricity consumption per year,Annual Electricity Consumption (MWh/year),Source/Comments
Street lighting,Major arterial LED lighting (Category V1-V2),0.22,12,365,0.9636,https://www.ausgrid.com.au/-/media/Documents/Technical-Documentation/NS/NS119.pdf
Street lighting,Freeway/motorway LED lighting (Category V3),0.07,12,365,0.3066,https://www.ausgrid.com.au/-/media/Documents/Technical-Documentation/NS/NS119.pdf
Street lighting,Local/regional road LED lighting (V4-V5),0.05,12,365,0.219,https://www.ausgrid.com.au/-/media/Documents/Technical-Documentation/NS/NS119.pdf
Street lighting,Pedestrian LED lighting,0.03,12,365,0.1314,https://www.ausgrid.com.au/-/media/Documents/Technical-Documentation/NS/NS119.pdf
Traffic systems,Traffic signal controller,0.1,24,365,0.876,Average of past project specifications
Traffic systems,200mm traffic lantern,0.01,24,365,0.0876,Average of past project specifications
Traffic systems,300mm traffic lantern (3-aspect),0.02,24,365,0.1752,Average of past project specifications
Traffic systems,300mm traffic lantern (6-aspect),0.035,24,365,0.3066,Average of past project specifications
Traffic systems,Pedestrian lantern,0.015,24,365,0.1314,Average of past project specifications
Traffic systems,Signalised intersection UPS ,2,24,365,17.52,Average of past project specifications
ITS,Variable Speed Limit Sign,0.32,24,365,2.8032,TAGG Workbook (2013)
ITS,Variable Message Sign,1.2,24,365,10.512,TAGG Workbook (2013)
ITS,CCTV - Pan-Tilt-Zoom (PTZ),0.051,24,365,0.44676,Average of past project specifications
ITS,CCTV - Fixed,0.013,24,365,0.11388,Average of past project specifications
ITS,Roadside cabinet,0.2,24,365,1.752,TAGG Workbook (2013)
Road tunnel systems,"Tunnel lighting, ventilation and other (per m of tunnel)",0.188013699,24,365,1.647,NZ Transport Agency PEET
