VehicleClass,Reference GCM (tonnes),Max Payload (tonnes),GVM
Small Car,1.2,0.4,1.1
Medium Car,1.4,0.4,1.3
Large Car,1.6,0.4,1.5
Courier Van-Utility,2.15,0.85,1.9375
4WD Mid Size Petrol,2.73,0.93,2.4975
Light Rigid,3.75,2.15,3.2125
Medium Rigid,10.4,7.2,8.6
Heavy Rigid,22.5,13.5,19.125
Heavy Bus,19,7,17.25
Artic 4 Axle,31.5,20.5,26.375
Artic 5 Axle,39,26,32.5
Artic 6 Axle,42.5,27.5,35.625
Rigid + 5 Axle Dog,59,40,49
B-Double,62.5,40.5,52.375
Twin steer + 5 Axle Dog,64,43,53.25
A-Double,79,48,67
B Triple,82.5,48.5,70.375
A B Combination,99,60,84
A-Triple,115.5,71.5,97.625
Double B-Double,119,72,101
