Year,"Speed Car
km/h",Speed LCV,Speed HCV,Speed Bus,Fleet average,Light vehicle,Heavy vehicle,Bus
,,,,,CO2-e g/km,CO2-e g/km,CO2-e g/km,CO2-e g/km
2020,5,5,5,5,612.381434,506.8045375,2040.507811,1534.604806
2020,10,10,10,10,492.3445436,409.4069828,1606.600989,1286.256984
2020,15,15,15,15,412.01663,345.0758118,1308.014713,1083.23644
2020,20,20,20,20,358.6470207,302.6278015,1106.520418,938.0105691
2020,25,25,25,25,321.4566943,272.3559255,975.9845946,838.2065183
2020,30,30,30,30,294.2063409,249.8458099,884.9811287,766.2047504
2020,35,35,35,35,273.6158314,232.6797795,818.4143589,712.549615
2020,40,40,40,40,257.783253,219.4255545,768.0051184,671.4606352
2020,45,45,45,45,245.5280198,209.1779841,728.8471349,639.3504565
2020,50,50,50,50,236.0793804,201.3372125,697.8555113,613.9779273
2020,55,55,55,55,228.3175883,194.744907,675.2626624,587.0043516
2020,60,60,60,60,223.0708373,190.6032318,655.1472107,571.3808305
2020,65,65,65,65,219.4833704,187.9572796,638.8103118,559.6935816
2020,70,70,70,70,217.3712481,186.6560953,625.5851046,551.80499
2020,75,75,75,75,216.607785,186.5908717,615.0387507,548.0175572
2020,80,80,80,80,216.9316533,187.62204,605.0268263,549.1549909
2020,85,85,85,85,218.6873166,189.8244076,599.4667356,558.5968014
2020,90,90,90,90,221.7035666,193.1054663,599.1094924,557.4019095
2020,95,95,95,95,225.7391992,197.4544848,599.1094924,556.8479406
2020,100,100,100,100,230.7762558,202.8783212,599.1094924,556.7328835
2020,105,105,105,105,236.8326824,209.4013324,599.1094924,556.3927228
2020,110,110,110,110,243.9524809,217.0666044,599.1094924,556.3927228
2021,5,5,5,5,606.1069942,501.8994015,2052.77943,1525.285473
2021,10,10,10,10,486.323885,405.3662395,1603.305648,1261.669511
2021,15,15,15,15,407.0285149,341.9901362,1300.720712,1062.210043
2021,20,20,20,20,354.5030019,300.1161974,1099.695674,921.287956
2021,25,25,25,25,317.8962785,270.2370857,969.8309784,824.1112287
2021,30,30,30,30,291.0929998,248.0355869,879.4758461,753.7719763
2021,35,35,35,35,270.8587836,231.1238351,813.4603443,701.1946723
2021,40,40,40,40,255.3163218,218.0828366,763.5017774,660.8380353
2021,45,45,45,45,243.299025,208.0136388,724.7083582,629.260638
2021,50,50,50,50,234.044492,200.3193347,694.0123728,604.3095269
2021,55,55,55,55,226.4692534,193.8759948,671.7658602,577.5252738
2021,60,60,60,60,221.3432192,189.8205562,651.8562221,562.2563669
2021,65,65,65,65,217.8443445,187.2315039,635.7022494,550.9481647
2021,70,70,70,70,215.7909626,185.9581534,622.6517628,543.5032485
2021,75,75,75,75,215.0585063,185.8918737,612.288701,540.2781912
2021,80,80,80,80,215.4124172,186.9186871,602.4541905,542.1902782
2021,85,85,85,85,217.1516219,189.0623553,597.1748831,552.7821763
2021,90,90,90,90,220.0950407,192.2557371,596.8566516,551.6757766
2021,95,95,95,95,224.0290951,196.4878552,596.8566516,551.1767893
2021,100,100,100,100,228.9387925,201.765249,596.8566516,551.1185183
2021,105,105,105,105,234.8416654,208.1119281,596.8566516,550.8208131
2021,110,110,110,110,241.7812755,215.5706332,596.8566516,550.8208131
2022,5,5,5,5,599.4326417,495.8150917,2074.695843,1513.813229
2022,10,10,10,10,480.220376,400.661358,1606.480154,1238.565828
2022,15,15,15,15,402.0194326,338.4114387,1298.547214,1042.466879
2022,20,20,20,20,350.3653068,297.2114231,1097.269884,905.3626142
2022,25,25,25,25,314.3502881,267.7832296,967.5503329,810.5612015
2022,30,30,30,30,287.9943937,245.9265307,877.4527749,741.7527591
2022,35,35,35,35,268.1126347,229.2918623,811.6890333,690.1829449
2022,40,40,40,40,252.8542505,216.4787099,761.9413445,650.5200699
2022,45,45,45,45,241.0679195,206.5976551,723.3121335,619.4528782
2022,50,50,50,50,232.0005173,199.0569729,692.7384687,594.9072051
2022,55,55,55,55,224.5996989,192.7599809,670.7030472,568.3593208
2022,60,60,60,60,219.5892893,188.7968372,650.8606445,553.4239587
2022,65,65,65,65,216.1754601,186.2714731,634.7635251,542.4629678
2022,70,70,70,70,214.1790323,185.0339941,621.7726681,535.4119443
2022,75,75,75,75,213.4776436,184.976311,611.4880434,532.6703304
2022,80,80,80,80,213.8627653,186.010308,601.7269325,535.2271812
2022,85,85,85,85,215.5887603,188.1088734,596.644978,546.7450147
2022,90,90,90,90,218.472901,191.2303866,596.3587716,545.7139097
2022,95,95,95,95,222.3214869,195.3637302,596.3587716,545.260308
2022,100,100,100,100,227.1219211,200.5151916,596.3587716,545.2462419
2022,105,105,105,105,232.8914374,206.7084518,596.3587716,544.9833978
2022,110,110,110,110,239.6731022,213.9858696,596.3587716,544.9833978
2023,5,5,5,5,592.6900529,489.2111138,2095.852016,1506.766363
2023,10,10,10,10,474.2728756,395.721003,1609.233256,1219.854898
2023,15,15,15,15,397.0848623,334.5707949,1296.104323,1026.163374
2023,20,20,20,20,346.2728258,294.0662852,1094.632253,892.1780794
2023,25,25,25,25,310.8356405,265.1097143,965.0723988,799.3556432
2023,30,30,30,30,284.9178526,243.6132123,875.2339535,731.8073692
2023,35,35,35,35,265.3806142,227.2656616,809.7228284,681.042505
2023,40,40,40,40,250.399084,214.686519,760.1891852,641.9128368
2023,45,45,45,45,238.83744,204.9975575,721.7298822,611.2224877
2023,50,50,50,50,229.9522929,197.613662,691.2862338,586.9667899
2023,55,55,55,55,222.7185879,191.4623986,669.4643442,560.5539182
2023,60,60,60,60,217.8228063,187.5960448,649.6986124,545.8551609
2023,65,65,65,65,214.4951762,185.1403113,633.6675584,535.1477169
2023,70,70,70,70,212.5589573,183.9462663,620.7446795,528.3971479
2023,75,75,75,75,211.8938823,183.9063708,610.5453844,526.0433711
2023,80,80,80,80,212.3111385,184.9520254,600.8619287,529.1449833
2023,85,85,85,85,214.0331729,187.0176711,595.979332,541.4939146
2023,90,90,90,90,216.8690334,190.0808342,595.7256693,540.5237061
2023,95,95,95,95,220.6441,194.1301555,595.7256693,540.1076347
2023,100,100,100,100,225.3479027,199.1715524,595.7256693,540.1340635
2023,105,105,105,105,230.9971035,205.2281997,595.7256693,539.9019995
2023,110,110,110,110,237.634067,212.341784,595.7256693,539.9019995
2024,5,5,5,5,586.9381565,482.3543986,2115.860238,1499.914867
2024,10,10,10,10,469.0362407,390.4686732,1611.657068,1204.140058
2024,15,15,15,15,392.7136594,330.4599181,1293.562585,1012.452424
2024,20,20,20,20,342.6373152,290.6811908,1091.912213,880.9966543
2024,25,25,25,25,307.7130725,262.2179587,962.5193135,789.7889903
2024,30,30,30,30,282.190026,241.0978135,872.9394505,723.274856
2024,35,35,35,35,262.9662184,225.0494142,807.6758731,673.1799136
2024,40,40,40,40,248.238025,212.7132448,758.3501347,634.5030907
2024,45,45,45,45,236.882528,203.2230605,720.0555675,604.1400021
2024,50,50,50,50,228.1645579,196.000971,689.7384837,580.141239
2024,55,55,55,55,221.0845363,189.9962272,668.1264999,553.8750736
2024,60,60,60,60,216.2928731,186.2298114,648.436831,539.3891177
2024,65,65,65,65,213.0426617,183.8465527,632.4717198,528.9075314
2024,70,70,70,70,211.1594905,182.6988626,619.6163744,522.4198527
2024,75,75,75,75,210.5252127,182.6801029,609.5007095,520.3980791
2024,80,80,80,80,210.9709361,183.7430203,599.8933085,523.9569421
2024,85,85,85,85,212.687466,185.7808436,595.2017511,536.9867768
2024,90,90,90,90,215.4778176,188.7919964,594.9795434,536.0726709
2024,95,95,95,95,219.1829892,192.7650842,594.9795434,535.693718
2024,100,100,100,100,223.794471,197.7058563,594.9795434,535.7601829
2024,105,105,105,105,229.3284436,203.6372112,594.9795434,535.5527788
2024,110,110,110,110,235.826934,210.6004608,594.9795434,535.5527788
2025,5,5,5,5,581.2339068,475.7559743,2132.990985,1491.460587
2025,10,10,10,10,463.5241485,385.0712344,1611.785587,1188.119179
2025,15,15,15,15,388.0681798,326.1642084,1289.29927,998.5656807
2025,20,20,20,20,338.7409341,287.101218,1087.853395,869.6298622
2025,25,25,25,25,304.3411102,259.1322364,958.8018289,780.0831045
2025,30,30,30,30,279.2228888,238.3931239,869.5735452,714.6483924
2025,35,35,35,35,260.3213786,222.6492844,804.6207126,665.2518777
2025,40,40,40,40,245.8542976,210.5611148,755.5552139,627.041915
2025,45,45,45,45,234.7117688,201.2739884,717.4742092,597.0101446
2025,50,50,50,50,226.1669665,194.217184,687.3316356,573.2651964
2025,55,55,55,55,219.2439059,188.3599648,665.965685,547.1857589
2025,60,60,60,60,214.5609879,184.6956625,646.3984545,532.8979448
2025,65,65,65,65,211.392266,182.3866411,630.5434606,522.6213615
2025,70,70,70,70,209.5657245,181.2868285,617.7963377,516.3679091
2025,75,75,75,75,208.9653712,181.2906478,607.8000866,514.6381859
2025,80,80,80,80,209.4386238,182.3687501,598.2935753,518.5949553
2025,85,85,85,85,211.1515801,184.3804076,593.8132099,532.2078364
2025,90,90,90,90,213.8983384,187.3414204,593.6277117,531.3368555
2025,95,95,95,95,217.5354564,191.240367,593.6277117,530.9856763
2025,100,100,100,100,222.0565898,196.0827853,593.6277117,531.080377
2025,105,105,105,105,227.477412,201.8911944,593.6277117,530.8931796
2025,110,110,110,110,233.8394216,208.706356,593.6277117,530.8931796
2026,5,5,5,5,575.3213677,468.8699225,2151.395834,1481.321512
2026,10,10,10,10,457.5975287,379.1054561,1614.04191,1170.222486
2026,15,15,15,15,383.1476509,321.4608681,1286.923831,983.0372479
2026,20,20,20,20,334.6196764,283.1930135,1085.255097,856.8785087
2026,25,25,25,25,300.7799229,255.7687698,956.3386171,769.1551418
2026,30,30,30,30,276.0948441,235.4481727,867.3426079,704.9070326
2026,35,35,35,35,257.5383441,220.0383076,802.6157262,656.2912812
2026,40,40,40,40,243.3501496,208.2214055,753.7399132,618.61622
2026,45,45,45,45,232.4336473,199.1552225,715.807555,588.9731295
2026,50,50,50,50,224.07048,192.2765594,685.7766535,565.5308227
2026,55,55,55,55,217.2966993,186.5629572,664.5911612,539.640867
2026,60,60,60,60,212.722611,183.0045635,645.0854201,525.5873376
2026,65,65,65,65,209.6320122,180.7698164,629.2808891,515.546982
2026,70,70,70,70,207.8559587,179.7148691,616.5839034,509.5546585
2026,75,75,75,75,207.2813361,179.7359901,606.6504309,508.1401275
2026,80,80,80,80,207.7695507,180.8186445,597.1986853,512.5160834
2026,85,85,85,85,209.4685911,182.7966376,592.8718659,526.7335467
2026,90,90,90,90,212.1641811,185.6999315,592.7145697,525.9151964
2026,95,95,95,95,215.7266353,189.5176839,592.7145697,525.5971735
2026,100,100,100,100,220.1518435,194.2558225,592.7145697,525.725841
2026,105,105,105,105,225.4555902,199.9371706,592.7145697,525.5624345
2026,110,110,110,110,231.6796477,206.6028148,592.7145697,525.5624345
2027,5,5,5,5,568.564502,461.1702191,2168.204625,1472.893914
2027,10,10,10,10,451.4097813,372.8488243,1615.957344,1156.08072
2027,15,15,15,15,377.8715231,316.3452867,1284.570916,970.6915596
2027,20,20,20,20,330.1359514,278.8699062,1082.700558,846.6068331
2027,25,25,25,25,296.8669731,252.0061216,953.9154516,760.2512015
2027,30,30,30,30,272.6266599,232.1198755,865.1394455,696.9040411
2027,35,35,35,35,254.4240944,217.0561335,800.6252282,648.883872
2027,40,40,40,40,240.5210926,205.5192334,751.9271813,611.6171507
2027,45,45,45,45,229.8353901,196.6806463,714.1333708,582.2708732
2027,50,50,50,50,221.6582723,189.9860916,684.2056379,559.0596177
2027,55,55,55,55,215.0462921,184.4306786,663.1873823,533.331231
2027,60,60,60,60,210.5870672,180.9856236,643.7362904,519.4553023
2027,65,65,65,65,207.5818227,178.8338716,627.9753079,509.592786
2027,70,70,70,70,205.8644934,177.8336934,615.320783,503.7956537
2027,75,75,75,75,205.3244283,177.8828795,605.4408031,502.6154515
2027,80,80,80,80,205.835806,178.9803497,596.0355141,507.3016991
2027,85,85,85,85,207.5291241,180.9359053,591.845241,521.9669202
2027,90,90,90,90,210.183332,183.792349,591.7127008,521.1867462
2027,95,95,95,95,213.6804727,187.5390705,591.7127008,520.8906523
2027,100,100,100,100,218.0180728,192.1820124,591.7127008,521.0414346
2027,105,105,105,105,223.211602,197.7437964,591.7127008,520.8953911
2027,110,110,110,110,229.3023963,204.2650721,591.7127008,520.8953911
2028,5,5,5,5,561.002211,452.7819505,2181.654373,1464.531726
2028,10,10,10,10,444.6053033,366.0016877,1616.331136,1141.513533
2028,15,15,15,15,372.0854724,310.7175856,1281.353014,957.7825508
2028,20,20,20,20,325.2039811,274.0926716,1079.478064,835.7735121
2028,25,25,25,25,292.548292,247.8313279,950.9207403,750.8084827
2028,30,30,30,30,268.7830952,228.4102433,862.4183383,688.3814442
2028,35,35,35,35,250.9564927,213.7152647,798.1514966,640.9675649
2028,40,40,40,40,237.3548174,202.4750125,749.656455,604.1132145
2028,45,45,45,45,226.9117942,193.8762599,712.0210796,575.063266
2028,50,50,50,50,218.9295019,187.3748168,682.2129487,552.0793417
2028,55,55,55,55,212.4833601,181.9819214,661.3641226,526.5301646
2028,60,60,60,60,208.1438212,178.655152,641.9790503,512.8231603
2028,65,65,65,65,205.2275145,176.5901502,626.2704043,503.1275655
2028,70,70,70,70,203.5715665,175.6476918,613.6640584,497.5126074
2028,75,75,75,75,203.067996,175.7273859,603.8393131,496.5522067
2028,80,80,80,80,203.6038395,176.8412742,594.4862355,501.5347235
2028,85,85,85,85,205.2921387,178.776444,590.4198844,516.6437169
2028,90,90,90,90,207.9066924,181.5881042,590.3095881,515.9052833
2028,95,95,95,95,211.3404702,185.265964,590.3095881,515.6348646
2028,100,100,100,100,215.5925367,189.8160355,590.3095881,515.813522
2028,105,105,105,105,220.6780444,195.2607654,590.3095881,515.6876441
2028,110,110,110,110,226.6378839,201.6403678,590.3095881,515.6876441
2029,5,5,5,5,552.1508589,443.3320196,2189.92929,1452.476077
2029,10,10,10,10,436.8964316,358.3031815,1614.340705,1127.276761
2029,15,15,15,15,365.5783494,304.3683159,1276.843991,945.8197019
2029,20,20,20,20,319.6461902,268.679949,1075.295869,825.8014687
2029,25,25,25,25,287.6654898,243.0799958,947.13681,742.1009799
2029,30,30,30,30,264.4178149,224.1655802,859.0052033,680.5317734
2029,35,35,35,35,246.997221,209.8689619,795.0470464,633.714287
2029,40,40,40,40,233.7184931,198.9466043,746.7972565,597.288509
2029,45,45,45,45,223.5338271,190.6029852,709.3516871,568.5586523
2029,50,50,50,50,215.7577606,184.3056839,679.6878025,545.8225138
2029,55,55,55,55,209.4856692,179.0839783,659.0097682,520.4800894
2029,60,60,60,60,205.2717716,175.8812784,639.7069635,506.9371315
2029,65,65,65,65,202.4485964,173.9072832,624.0633737,497.3828332
2029,70,70,70,70,200.8568219,173.0257637,611.5140825,491.896259
2029,75,75,75,75,200.3913148,173.1385155,601.7487387,491.0617342
2029,80,80,80,80,200.9473628,174.2662273,592.4446083,496.183642
2029,85,85,85,85,202.6292381,176.1829704,588.4903256,511.4694462
2029,90,90,90,90,205.205448,178.9517529,588.3977219,510.7543274
2029,95,95,95,95,208.5775042,182.5626953,588.3977219,510.4977479
2029,100,100,100,100,212.7457105,187.0219301,588.3977219,510.6901287
2029,105,105,105,105,217.7249808,192.3517423,588.3977219,510.5749122
2029,110,110,110,110,223.555769,198.5918918,588.3977219,510.5749122
2030,5,5,5,5,541.6497087,432.6684658,2189.651544,1437.699417
2030,10,10,10,10,427.9401639,349.5027985,1608.783292,1111.278206
2030,15,15,15,15,358.037566,297.0400571,1270.409284,932.5489608
2030,20,20,20,20,313.186978,262.3842351,1069.893303,814.8060411
2030,25,25,25,25,281.9636011,237.5176943,942.376873,732.5227763
2030,30,30,30,30,259.2901754,219.1641869,854.7105938,671.9104711
2030,35,35,35,35,242.3181579,205.3069381,791.1256135,625.7744619
2030,40,40,40,40,229.3955098,194.7336144,743.1820531,589.8569311
2030,45,45,45,45,219.4952573,186.6688378,705.985226,561.5217207
2030,50,50,50,50,211.9459255,180.5937298,676.5204269,539.1024813
2030,55,55,55,55,205.8749094,175.5749243,655.963223,514.0045184
2030,60,60,60,60,201.7991288,172.5065468,636.7860027,500.6819781
2030,65,65,65,65,199.0785407,170.6310443,621.2445107,491.3160176
2030,70,70,70,70,197.5577376,169.8156341,608.78278,485.9905716
2030,75,75,75,75,197.1345713,169.9645723,599.1002335,485.2903812
2030,80,80,80,80,197.7198152,171.117116,589.8290862,490.5132871
2030,85,85,85,85,199.3936398,173.0146754,585.9917183,505.8387089
2030,90,90,90,90,201.9287391,175.7376728,585.9175792,505.1389594
2030,95,95,95,95,205.2338178,179.2762753,585.9175792,504.8769338
2030,100,100,100,100,209.3099286,183.6361607,585.9175792,505.0539329
2030,105,105,105,105,214.1712831,188.8386092,585.9175792,504.9513311
2030,110,110,110,110,219.8565093,194.9217216,585.9175792,504.9513311
2031,5,5,5,5,530.4191087,421.5475126,2183.938788,1422.710434
2031,10,10,10,10,418.6022115,340.2789496,1602.978853,1097.638298
2031,15,15,15,15,350.1804577,289.3250599,1264.325709,921.3890626
2031,20,20,20,20,306.4206266,255.7263518,1064.691028,805.4518163
2031,25,25,25,25,275.9701648,231.6131989,937.8218326,724.2723354
2031,30,30,30,30,253.8827333,213.8333903,850.6548357,664.418209
2031,35,35,35,35,237.3656456,200.4232346,787.4530567,618.8359491
2031,40,40,40,40,224.8012061,190.2030916,739.8026592,583.3422751
2031,45,45,45,45,215.1847231,182.4187885,702.8292332,555.3441158
2031,50,50,50,50,207.859775,176.5657634,673.5336728,533.2002266
2031,55,55,55,55,201.9550083,171.725534,652.8995439,508.2657222
2031,60,60,60,60,198.0133925,168.7895077,633.8181445,495.1304742
2031,65,65,65,65,195.3911204,167.0101955,618.3495962,485.9115676
2031,70,70,70,70,193.9368405,166.2585803,605.9459618,480.6856157
2031,75,75,75,75,193.5514086,166.4416699,596.3149203,480.0175094
2031,80,80,80,80,194.1471873,167.6053138,587.0022971,485.1550583
2031,85,85,85,85,195.807051,169.4830836,583.2395688,500.1652663
2031,90,90,90,90,198.3008737,172.1608917,583.1774086,499.4438541
2031,95,95,95,95,201.54066,175.629355,583.1774086,499.138183
2031,100,100,100,100,205.528211,179.8942028,583.1774086,499.2486907
2031,105,105,105,105,210.27813,184.9763729,583.1774086,499.1535125
2031,110,110,110,110,215.8277251,190.9132049,583.1774086,499.1535125
2032,5,5,5,5,519.0696726,410.4208676,2175.628262,1410.127067
2032,10,10,10,10,409.1574716,330.9668686,1596.278816,1085.987552
2032,15,15,15,15,342.203919,281.4839346,1257.886455,911.4769669
2032,20,20,20,20,299.5120467,248.9186556,1059.207521,796.9313254
2032,25,25,25,25,269.8244687,225.5482519,933.0300637,716.6513229
2032,30,30,30,30,248.3153202,208.3341791,846.3876595,657.4251217
2032,35,35,35,35,232.2463828,195.3644105,783.5813567,612.304627
2032,40,40,40,40,220.0337896,185.4912839,736.228947,577.1691998
2032,45,45,45,45,210.6948982,177.9814467,699.4800482,549.4630149
2032,50,50,50,50,203.5881962,172.3444363,670.3531724,527.5662599
2032,55,55,55,55,197.8431486,167.6763737,649.6355112,502.7767964
2032,60,60,60,60,194.0293336,164.8661693,630.6479484,489.8279548
2032,65,65,65,65,191.4987753,163.1761933,615.2495106,480.7674206
2032,70,70,70,70,190.1041026,162.4811551,602.8997464,475.6645967
2032,75,75,75,75,189.7490919,162.6907824,593.3136879,475.0655859
2032,80,80,80,80,190.3462631,163.8557834,583.9536336,480.1703746
2032,85,85,85,85,191.9836576,165.7052729,580.2487541,494.9372085
2032,90,90,90,90,194.4276025,168.3289165,580.1946481,494.2022503
2032,95,95,95,95,197.5931664,171.7177435,580.1946481,493.8548248
2032,100,100,100,100,201.4826658,175.8774891,580.1946481,493.8995237
2032,105,105,105,105,206.111079,180.8286912,580.1946481,493.8135942
2032,110,110,110,110,211.5142846,186.6078534,580.1946481,493.8135942
2033,5,5,5,5,508.2538433,400.0746351,2166.459905,1390.549928
2033,10,10,10,10,399.7242829,321.7881668,1589.450372,1069.313139
2033,15,15,15,15,334.0883503,273.5803863,1251.411578,897.9409949
2033,20,20,20,20,292.3959198,241.9661291,1053.57216,785.5826709
2033,25,25,25,25,263.451204,219.3030195,928.1537926,706.701634
2033,30,30,30,30,242.513847,202.6360043,842.1189495,648.4456088
2033,35,35,35,35,226.889532,190.0957502,779.7465797,604.0303982
2033,40,40,40,40,215.0253954,180.5625874,732.690807,569.428442
2033,45,45,45,45,205.9602979,173.3220442,696.1412296,542.1394187
2033,50,50,50,50,199.0676133,167.8967424,667.1463299,520.5767823
2033,55,55,55,55,193.4859763,163.4034962,646.3394841,496.0243198
2033,60,60,60,60,189.7949885,160.7150647,627.4056265,483.2937081
2033,65,65,65,65,187.3507712,159.1101055,612.0396252,474.4017375
2033,70,70,70,70,186.0098331,158.4668794,599.7090552,469.411831
2033,75,75,75,75,185.678693,158.697677,590.1357392,468.8496238
2033,80,80,80,80,186.2721306,159.85894,580.7177207,473.865052
2033,85,85,85,85,187.8779993,161.6730603,577.037031,488.272498
2033,90,90,90,90,190.2639762,164.2342631,576.9857613,487.5077451
2033,95,95,95,95,193.3462487,167.5336932,576.9857613,487.1130894
2033,100,100,100,100,197.1268728,171.5767021,576.9857613,487.0831936
2033,105,105,105,105,201.620775,176.3829069,576.9857613,487.0002938
2033,110,110,110,110,206.8617572,181.9872638,576.9857613,487.0002938
2034,5,5,5,5,494.6516156,386.9192038,2155.366327,1376.201227
2034,10,10,10,10,389.1135262,311.4819736,1581.185501,1055.751894
2034,15,15,15,15,325.2826848,265.0306405,1244.056177,886.2409331
2034,20,20,20,20,284.7821747,234.5516595,1047.341323,775.4661495
2034,25,25,25,25,256.6618975,212.6799874,922.6835945,697.6658186
2034,30,30,30,30,236.3308914,196.5981682,837.2048775,640.1635577
2034,35,35,35,35,221.1664225,184.5033536,775.250566,596.292533
2034,40,40,40,40,209.657071,175.3145577,728.5142006,562.1023709
2034,45,45,45,45,200.8674811,168.3414833,692.210904,535.1397803
2034,50,50,50,50,194.1879261,163.1226598,663.4066193,513.845768
2034,55,55,55,55,188.7659422,158.7969616,642.5604184,489.4546906
2034,60,60,60,60,185.1944848,156.22243,623.7405191,476.9167151
2034,65,65,65,65,182.8328587,154.6943932,608.4623719,468.1853431
2034,70,70,70,70,181.5417812,154.0950928,596.1997227,463.3190794
2034,75,75,75,75,181.2308046,154.3397126,586.6799096,462.8280002
2034,80,80,80,80,181.8193949,155.4933172,577.2265841,467.8217127
2034,85,85,85,85,183.3914721,157.2666563,573.5900661,482.0211694
2034,90,90,90,90,185.7162859,159.7614285,573.5462553,481.2519494
2034,95,95,95,95,188.7134629,162.9692669,573.5462553,480.8295478
2034,100,100,100,100,192.3856086,166.8956087,573.5462553,480.7521244
2034,105,105,105,105,196.747967,171.5597651,573.5462553,480.6800338
2034,110,110,110,110,201.833121,176.995976,573.5462553,480.6800338
2035,5,5,5,5,480.7511312,373.5890225,2142.373529,1356.67576
2035,10,10,10,10,378.1272149,300.8791666,1571.606172,1038.117802
2035,15,15,15,15,316.1206215,256.1687165,1235.823147,871.8269889
2035,20,20,20,20,276.8280867,226.8249646,1040.426565,763.4372954
2035,25,25,25,25,249.5466269,205.7513665,916.6434939,687.0363865
2035,30,30,30,30,229.8313097,190.2595912,831.7935467,630.4467434
2035,35,35,35,35,215.1330587,178.6131613,770.3060017,587.2767258
2035,40,40,40,40,203.9826668,169.7700287,723.9230249,553.6623739
2035,45,45,45,45,195.470887,163.0643086,687.8905564,527.1786583
2035,50,50,50,50,189.0051134,158.050597,659.2952162,506.2840037
2035,55,55,55,55,183.7476319,153.8947949,638.445427,482.1311173
2035,60,60,60,60,180.2934621,151.4304966,619.7506675,469.8686744
2035,65,65,65,65,178.0108167,149.9745698,604.5693137,461.3587247
2035,70,70,70,70,176.7645962,149.4131938,592.3815301,456.6559525
2035,75,75,75,75,176.4672978,149.6643758,582.9199513,456.2546117
2035,80,80,80,80,177.0389121,150.7963033,573.4511748,461.2231214
2035,85,85,85,85,178.567046,152.5187777,569.855491,475.1716717
2035,90,90,90,90,180.8196425,154.9354219,569.818655,474.3957512
2035,95,95,95,95,183.7190301,158.0381847,569.818655,473.9461806
2035,100,100,100,100,187.2680982,161.8323846,569.818655,473.8196942
2035,105,105,105,105,191.4822232,166.3367823,569.818655,473.7577227
2035,110,110,110,110,196.3924777,171.5846097,569.818655,473.7577227
2036,5,5,5,5,466.9515374,360.3944826,2127.906939,1342.63593
2036,10,10,10,10,366.7227956,289.8325927,1561.200997,1024.919868
2036,15,15,15,15,306.4186896,246.7303568,1227.060349,860.3421653
2036,20,20,20,20,268.3038468,218.4940668,1033.059939,753.4282936
2036,25,25,25,25,241.8690372,198.228211,910.1938619,678.0717557
2036,30,30,30,30,222.7859124,183.3445716,825.9972379,622.2277581
2036,35,35,35,35,208.5706363,172.1652367,764.9930391,579.591768
2036,40,40,40,40,197.7936684,163.6843005,718.9760791,546.3730996
2036,45,45,45,45,189.5713044,157.2594214,683.224848,520.1960999
2036,50,50,50,50,183.3280954,152.4611673,654.8474304,499.5482731
2036,55,55,55,55,178.2391177,148.478889,634.0139062,475.568798
2036,60,60,60,60,174.9061176,146.129622,615.451097,463.4743806
2036,65,65,65,65,172.7043121,144.7483174,600.3721402,455.0995474
2036,70,70,70,70,171.5030497,144.2254021,588.2632848,450.4951578
2036,75,75,75,75,171.2180143,144.4819814,578.8618822,450.1425847
2036,80,80,80,80,171.7670948,145.5867176,569.3735599,455.0756497
2036,85,85,85,85,173.2476251,147.2544255,565.812608,468.8314942
2036,90,90,90,90,175.4232488,149.5879252,565.7819593,468.0536842
2036,95,95,95,95,178.2191826,152.5795997,565.7819593,467.581403
2036,100,100,100,100,181.6386757,156.2347262,565.7819593,467.4161172
2036,105,105,105,105,185.6971527,160.5715496,565.7819593,467.3644608
2036,110,110,110,110,190.424226,165.6222753,565.7819593,467.3644608
2037,5,5,5,5,451.9197844,346.0147068,2111.735529,1324.30458
2037,10,10,10,10,354.3467781,277.8643425,1549.165891,1009.013054
2037,15,15,15,15,295.8896176,236.4973701,1217.039331,846.8939826
2037,20,20,20,20,259.0401241,209.4445793,1024.692733,741.8220457
2037,25,25,25,25,233.513735,190.0413397,902.9088163,667.7149767
2037,30,30,30,30,215.1058767,175.8041242,819.4782345,612.7682706
2037,35,35,35,35,201.4043021,165.1191521,759.0358084,570.7908193
2037,40,40,40,40,191.0228086,157.0198688,713.440617,538.0728519
2037,45,45,45,45,183.1055187,150.8894645,678.0111351,512.2918274
2037,50,50,50,50,177.0956273,146.3157771,649.881659,491.9670184
2037,55,55,55,55,172.1872396,142.5161641,629.1145652,468.2400184
2037,60,60,60,60,168.9790467,140.2843569,610.7009671,456.3692799
2037,65,65,65,65,166.858985,138.9774995,595.737659,448.1764867
2037,70,70,70,70,165.7011756,138.4905724,583.7178042,443.7085115
2037,75,75,75,75,165.4246866,138.747994,574.3838633,443.4318629
2037,80,80,80,80,165.9443519,139.8167218,564.9005588,448.3417832
2037,85,85,85,85,167.3690996,141.4213234,561.3750936,461.8771177
2037,90,90,90,90,169.4581905,143.6615355,561.3501966,461.0985002
2037,95,95,95,95,172.1394214,146.5301778,561.3501966,460.6033922
2037,100,100,100,100,175.4163182,150.0324501,561.3501966,460.3954524
2037,105,105,105,105,179.3043482,154.1860057,561.3501966,460.3523395
2037,110,110,110,110,183.8315363,159.0219054,561.3501966,460.3523395
2038,5,5,5,5,435.6853514,330.4773159,2093.353495,1305.119453
2038,10,10,10,10,341.0221642,265.0006037,1535.177474,992.049913
2038,15,15,15,15,284.5594306,225.4925067,1205.523939,833.2827053
2038,20,20,20,20,249.0636198,199.6954688,1015.155708,730.4911232
2038,25,25,25,25,224.5052362,181.2058296,894.6653407,657.7316441
2038,30,30,30,30,206.8129986,167.6496027,812.1477111,603.7230393
2038,35,35,35,35,193.6530341,157.4826845,752.3705964,562.4452777
2038,40,40,40,40,183.686148,149.7810607,707.2705707,530.2689285
2038,45,45,45,45,176.0865503,143.9554331,672.2150154,504.9176042
2038,50,50,50,50,170.3175951,139.6122078,644.3707334,484.9387135
2038,55,55,55,55,165.598902,136.0018643,623.7171749,461.5123283
2038,60,60,60,60,162.5160298,133.8869969,605.4727524,449.8649728
2038,65,65,65,65,160.4756118,132.6516189,590.6404695,441.8437958
2038,70,70,70,70,159.3569455,132.1955905,578.7218959,437.4938924
2038,75,75,75,75,159.0827753,132.4468811,569.4652347,437.27092
2038,80,80,80,80,159.5661,133.4713125,560.0048886,442.1408406
2038,85,85,85,85,160.9256518,135.002541,556.5173709,455.4640741
2038,90,90,90,90,162.9172057,137.1377017,556.5006154,454.6797179
2038,95,95,95,95,165.4712873,139.8701082,556.5006154,454.1631735
2038,100,100,100,100,168.5918376,143.2049166,556.5006154,453.918049
2038,105,105,105,105,172.2942949,147.1592027,556.5006154,453.8814879
2038,110,110,110,110,176.6051632,151.762883,556.5006154,453.8814879
2039,5,5,5,5,418.2669762,313.6448275,2075.255625,1286.077706
2039,10,10,10,10,326.9446217,251.2541084,1522.148271,976.606298
2039,15,15,15,15,272.6223383,213.7793086,1194.873068,819.9899463
2039,20,20,20,20,238.5368418,189.3276674,1006.120161,718.7607454
2039,25,25,25,25,214.98471,171.8097807,886.6719638,647.153604
2039,30,30,30,30,198.0310002,158.9711483,804.8830627,593.9953804
2039,35,35,35,35,185.4269965,149.346265,745.6416516,553.3456148
2039,40,40,40,40,175.8839641,142.058258,700.9486303,521.6448322
2039,45,45,45,45,168.6079329,136.5478596,666.209017,496.6649055
2039,50,50,50,50,163.0832611,132.4414783,638.6131623,476.9823552
2039,55,55,55,55,158.5580707,129.026922,618.0378793,453.8291395
2039,60,60,60,60,155.5996833,127.0293959,599.9483177,442.3700148
2039,65,65,65,65,153.636029,125.8634291,585.2365769,434.4894979
2039,70,70,70,70,152.551488,125.4339017,573.409036,430.2279578
2039,75,75,75,75,152.2723277,125.6723827,564.2167173,430.0258203
2039,80,80,80,80,152.7082378,126.6414263,554.7744123,434.8106307
2039,85,85,85,85,153.9898788,128.087929,551.298136,447.8512436
2039,90,90,90,90,155.8705778,130.1041921,551.2846193,447.0616333
2039,95,95,95,95,158.2819423,132.6838582,551.2846193,446.522931
2039,100,100,100,100,161.2278603,135.8318278,551.2846193,446.2390023
2039,105,105,105,105,164.7235129,139.5643365,551.2846193,446.2069799
2039,110,110,110,110,168.7935884,143.9098348,551.2846193,446.2069799
2040,5,5,5,5,399.3503188,295.0645784,2059.047143,1270.330873
2040,10,10,10,10,311.1271122,235.6524946,1508.908915,961.7715721
2040,15,15,15,15,259.0186992,200.3259052,1183.496996,806.7592499
2040,20,20,20,20,226.4656507,177.3511478,996.3745758,706.9735128
2040,25,25,25,25,204.0380324,160.9290276,878.0147636,636.5160949
2040,30,30,30,30,187.9273127,148.91672,797.0068689,584.2083872
2040,35,35,35,35,175.9683631,139.9268459,738.3472502,544.1479916
2040,40,40,40,40,166.9236337,133.1306507,694.0956709,512.86115
2040,45,45,45,45,160.0322489,128.0001773,659.6931014,488.1881892
2040,50,50,50,50,154.8008452,124.1830624,632.3540773,468.7461044
2040,55,55,55,55,150.5062357,121.0042925,611.8548684,445.8287462
2040,60,60,60,60,147.7005151,119.1550219,593.9112128,434.5327414
2040,65,65,65,65,145.832916,118.0798242,579.3090832,426.7868056
2040,70,70,70,70,144.793868,117.6892177,567.5664295,422.6295196
2040,75,75,75,75,144.5142086,117.9188819,558.446857,422.4911651
2040,80,80,80,80,144.9050182,118.8322019,549.0597707,427.2725502
2040,85,85,85,85,146.104122,120.1823165,545.69076,440.1715651
2040,90,90,90,90,147.8551698,122.0606602,545.6626315,439.3822493
2040,95,95,95,95,150.0992725,124.4614456,545.6626315,438.8240229
2040,100,100,100,100,152.8395237,127.3895118,545.6626315,438.5060146
2040,105,105,105,105,156.0909685,130.8604025,545.6626315,438.4816783
2040,110,110,110,110,159.8765435,134.9011992,545.6626315,438.4816783
2041,5,5,5,5,377.7839892,274.0703204,2036.916511,1246.457427
2041,10,10,10,10,293.6846365,218.4910446,1493.154631,943.5443334
2041,15,15,15,15,244.1948318,185.658862,1170.91207,791.3547355
2041,20,20,20,20,213.3765391,164.3544932,985.750267,693.4448708
2041,25,25,25,25,192.1928664,149.1449213,868.6393001,624.3249771
2041,30,30,30,30,176.9980958,138.030976,788.4940449,573.0061575
2041,35,35,35,35,165.7298084,129.720659,730.463154,533.6968798
2041,40,40,40,40,157.2121217,123.4434314,686.6870989,502.9951641
2041,45,45,45,45,150.7235599,118.7090003,652.6534558,478.7867133
2041,50,50,50,50,145.7971027,115.1904409,625.6054042,459.7165606
2041,55,55,55,55,141.7467332,112.2574596,605.2378412,437.168519
2041,60,60,60,60,139.0995278,110.5599126,587.4780125,426.1021411
2041,65,65,65,65,137.3329207,109.5785336,573.0198883,418.521487
2041,70,70,70,70,136.3439644,109.2305429,561.3858931,414.4596931
2041,75,75,75,75,136.0681098,109.456498,552.3411061,414.3296357
2041,80,80,80,80,136.4118582,110.3145821,542.9864175,418.9912849
2041,85,85,85,85,137.5290223,111.5776913,539.6127454,431.5337503
2041,90,90,90,90,139.1625034,113.3300346,539.5885795,430.7414413
2041,95,95,95,95,141.2528975,115.566482,539.5885795,430.1651858
2041,100,100,100,100,143.8034185,118.2917797,539.5885795,429.8121906
2041,105,105,105,105,146.8288339,121.5206298,539.5885795,429.7905191
2041,110,110,110,110,150.3501439,125.2784727,539.5885795,429.7905191
2042,5,5,5,5,356.7474904,252.7461665,2028.669392,1232.372517
2042,10,10,10,10,276.2123917,201.0871634,1480.861447,926.3228547
2042,15,15,15,15,229.1746399,170.7846833,1158.376229,775.2508157
2042,20,20,20,20,200.0767645,151.1717516,974.5710299,679.1042993
2042,25,25,25,25,180.1402052,137.1897688,858.492968,611.42545
2042,30,30,30,30,165.8678205,126.9844899,779.1482843,561.126114
2042,35,35,35,35,155.2963343,119.3609419,721.7469482,522.5086425
2042,40,40,40,40,147.3107763,113.6077721,678.4720671,492.286711
2042,45,45,45,45,141.2290475,109.272966,644.8407183,468.4274865
2042,50,50,50,50,136.610623,106.055444,618.1170163,449.6248572
2042,55,55,55,55,132.8093103,103.3700835,597.9652152,427.2885891
2042,60,60,60,60,130.3225193,101.8252981,580.4161983,416.4025299
2042,65,65,65,65,128.6586274,100.9382941,566.1270466,408.9799061
2042,70,70,70,70,127.7216942,100.6330965,554.6275479,405.0631878
2042,75,75,75,75,127.4523439,100.8552149,545.6889862,405.0739398
2042,80,80,80,80,127.7534709,101.658761,536.3939137,409.8807419
2042,85,85,85,85,128.7967129,102.8342667,533.0869613,422.5974059
2042,90,90,90,90,130.3132641,104.4598144,533.0869613,421.8412136
2042,95,95,95,95,132.2492318,106.5309399,533.0869613,421.2775667
2042,100,100,100,100,134.6092201,109.0522928,533.0869613,420.9329297
2042,105,105,105,105,137.4073734,112.0377187,533.0869613,420.9329297
2042,110,110,110,110,140.6627685,115.5109882,533.0869613,420.9329297
2043,5,5,5,5,335.5363122,232.3793371,2000.467963,1203.933045
2043,10,10,10,10,259.1809747,184.4837339,1461.666617,905.5329649
2043,15,15,15,15,214.733855,156.5931822,1143.572985,757.924209
2043,20,20,20,20,187.328325,138.5899271,962.1878479,663.9277203
2043,25,25,25,25,168.6017337,125.7760427,847.6187656,597.7519841
2043,30,30,30,30,155.2177339,116.4348017,769.2986782,548.5705003
2043,35,35,35,35,145.3147382,109.463887,712.6348739,510.8158784
2043,40,40,40,40,137.8384319,104.2083858,669.9131137,481.2755127
2043,45,45,45,45,132.1453092,100.2527483,636.7087668,457.9614532
2043,50,50,50,50,127.8205782,97.32049659,610.321215,439.5958309
2043,55,55,55,55,124.255467,94.87073118,590.3382075,417.7185358
2043,60,60,60,60,121.9205845,93.46993134,573.0024651,407.0975412
2043,65,65,65,65,120.3529376,92.67124195,558.8812916,399.8608252
2043,70,70,70,70,119.4629695,92.40515064,547.5094182,396.0442313
2043,75,75,75,75,119.1956965,92.6218666,538.6593293,396.0489615
2043,80,80,80,80,119.4497854,93.37021243,529.4179015,400.6976877
2043,85,85,85,85,120.4113019,94.46029234,526.1039272,412.976326
2043,90,90,90,90,121.8127299,95.96294356,526.1039272,412.2167171
2043,95,95,95,95,123.5989912,97.87432055,526.1039272,411.6363685
2043,100,100,100,100,125.7745495,100.198965,526.1039272,411.2571643
2043,105,105,105,105,128.3532823,102.949889,526.1039272,411.2571643
2043,110,110,110,110,131.3523862,106.1492538,526.1039272,411.2571643
2044,5,5,5,5,315.5739268,213.3396812,1970.21739,1173.938087
2044,10,10,10,10,243.1744071,168.9764962,1440.903782,883.5421065
2044,15,15,15,15,201.1645049,143.3357547,1127.535038,739.5824613
2044,20,20,20,20,175.3468142,126.8309924,948.7643834,647.8577004
2044,25,25,25,25,157.7547229,115.1046557,835.827594,583.2719104
2044,30,30,30,30,145.2029025,106.5673768,758.6163788,535.2730202
2044,35,35,35,35,135.925646,100.2033732,702.7510142,498.4306703
2044,40,40,40,40,128.925687,95.41034853,660.628261,469.6099795
2044,45,45,45,45,123.5957483,91.80670405,627.8865783,446.8704105
2044,50,50,50,50,119.5451577,89.13884482,601.8635447,428.9639966
2044,55,55,55,55,116.2001682,86.90714869,582.0749361,407.5760395
2044,60,60,60,60,114.0062939,85.63875837,564.9712257,397.2309786
2044,65,65,65,65,112.5273143,84.92038502,551.0334152,390.1861508
2044,70,70,70,70,111.6796178,84.68850885,539.8016959,386.4709444
2044,75,75,75,75,111.4122907,84.89769241,531.0500153,386.4661295
2044,80,80,80,80,111.621222,85.59296094,521.8742367,390.9483446
2044,85,85,85,85,112.5033794,86.60032791,518.5574579,402.7746671
2044,90,90,90,90,113.7941633,87.98501376,518.5574579,402.0125811
2044,95,95,95,95,115.4371805,89.743731,518.5574579,401.4165793
2044,100,100,100,100,117.4367438,91.88090243,518.5574579,401.0040477
2044,105,105,105,105,119.8065026,94.40874502,518.5574579,401.0040477
2044,110,110,110,110,122.5618527,97.34790119,518.5574579,401.0040477
2045,5,5,5,5,296.6561878,195.5116835,1938.169197,1143.935075
2045,10,10,10,10,228.0330295,154.4720899,1418.708531,861.425477
2045,15,15,15,15,188.3361615,130.9328901,1110.36569,721.116228
2045,20,20,20,20,164.019647,115.8245459,934.387711,631.6739565
2045,25,25,25,25,147.4983767,105.1115958,823.1963599,568.6873402
2045,30,30,30,30,135.7307609,97.32279637,747.1712477,521.8775081
2045,35,35,35,35,127.0424695,91.52334741,692.1600631,485.9512839
2045,40,40,40,40,120.490412,87.16009982,650.6782725,457.8518318
2045,45,45,45,45,115.5016223,83.88312366,618.4318545,435.6863164
2045,50,50,50,50,111.7082218,81.46014661,592.7992894,418.2369103
2045,55,55,55,55,108.5705795,79.43121383,573.231291,397.3485031
2045,60,60,60,60,106.5083649,78.28436181,556.3768614,387.2743002
2045,65,65,65,65,105.1116601,77.63877835,542.6366443,380.4152954
2045,70,70,70,70,104.3024263,77.4365098,531.5567838,376.7950397
2045,75,75,75,75,104.0335453,77.63615807,522.9129623,376.7752283
2045,80,80,80,80,104.1975401,78.27801196,513.8153834,381.0903161
2045,85,85,85,85,105.0029677,79.20525636,510.5004543,392.478548
2045,90,90,90,90,106.1875408,80.47668049,510.5004543,391.7176951
2045,95,95,95,95,107.6936889,82.08950081,510.5004543,391.1117883
2045,100,100,100,100,109.5255733,84.04801285,510.5004543,390.6745762
2045,105,105,105,105,111.6965527,86.36367557,510.5004543,390.6745762
2045,110,110,110,110,114.2203769,89.05569815,510.5004543,390.6745762
2046,5,5,5,5,279.4802634,179.6237551,1904.550437,1113.981446
2046,10,10,10,10,213.6828885,140.8822934,1395.207302,839.2642773
2046,15,15,15,15,176.0009243,119.1131648,1092.156176,702.6004349
2046,20,20,20,20,153.0544655,105.2529627,919.1316039,615.4449097
2046,25,25,25,25,137.5483526,95.48851768,809.7886466,554.0619444
2046,30,30,30,30,126.5484141,88.42673525,735.0202789,508.4444029
2046,35,35,35,35,118.4530942,83.19331257,680.9144795,473.4361048
2046,40,40,40,40,112.3630211,79.27273916,640.112376,446.0583431
2046,45,45,45,45,107.7331794,76.33976125,608.3914952,424.4661273
2046,50,50,50,50,104.2143944,74.17893738,583.1736972,407.4719324
2046,55,55,55,55,101.2969268,72.36473198,563.85427,387.0895765
2046,60,60,60,60,99.37570365,71.34850675,547.2657562,377.282974
2046,65,65,65,65,98.06431316,70.77824415,533.7372278,370.6063114
2046,70,70,70,70,97.28938016,70.60055526,522.8213218,367.0779711
2046,75,75,75,75,97.00696577,70.77739603,514.295849,367.0418941
2046,80,80,80,80,97.1089427,71.34685071,505.2917964,371.1936247
2046,85,85,85,85,97.80907542,72.16307154,501.9867531,382.1602251
2046,90,90,90,90,98.85001606,73.28130631,501.9867531,381.4031302
2046,95,95,95,95,100.1734742,74.69933818,501.9867531,380.7910989
2046,100,100,100,100,101.7836582,76.42154317,501.9867531,380.334785
2046,105,105,105,105,103.6939105,78.45898065,501.9867531,380.334785
2046,110,110,110,110,105.9168755,80.82995136,501.9867531,380.334785
2047,5,5,5,5,262.2614158,163.7787696,1869.142883,1084.502145
2047,10,10,10,10,200.0799689,128.1669081,1370.210297,817.3298144
2047,15,15,15,15,164.5367962,108.2850733,1072.752054,684.2719885
2047,20,20,20,20,142.955766,95.65876494,902.8632116,599.3880816
2047,25,25,25,25,128.4111352,86.77950066,795.4858017,539.5984932
2047,30,30,30,30,118.1080938,80.36502643,722.0548083,495.1646361
2047,35,35,35,35,110.5316875,75.61556458,668.9129845,461.0666213
2047,40,40,40,40,104.8334222,72.06048224,628.8349604,434.4036839
2047,45,45,45,45,100.5002781,69.40328278,597.6743671,413.3786503
2047,50,50,50,50,97.20421783,67.44780468,572.8992566,396.8343643
2047,55,55,55,55,94.46756817,65.80441799,553.860747,376.9634382
2047,60,60,60,60,92.66021004,64.88889147,537.5572981,367.4214506
2047,65,65,65,65,91.42052814,64.3785913,524.2567157,360.9260875
2047,70,70,70,70,90.68022867,64.22509532,513.5187778,357.4917171
2047,75,75,75,75,90.39881468,64.39394753,505.1239409,357.4468462
2047,80,80,80,80,90.46588724,64.91883395,496.2316492,361.4544452
2047,85,85,85,85,91.10414357,65.66947592,492.9468818,372.04325
2047,90,90,90,90,92.0583923,66.69518969,492.9468818,371.2969693
2047,95,95,95,95,93.2702258,67.99414747,492.9468818,370.6883843
2047,100,100,100,100,94.74366011,69.57053886,492.9468818,370.2262377
2047,105,105,105,105,96.49151889,71.43465979,492.9468818,370.2262377
2047,110,110,110,110,98.52502464,73.60342804,492.9468818,370.2262377
2048,5,5,5,5,246.1608466,149.1830483,1832.408585,1053.988
2048,10,10,10,10,187.3851821,116.4729894,1344.043864,794.6321182
2048,15,15,15,15,153.8515422,98.33082559,1052.407187,665.3162323
2048,20,20,20,20,133.5490522,86.83944163,885.7961952,582.7896729
2048,25,25,25,25,119.9022392,78.77332379,780.4759377,524.6534264
2048,30,30,30,30,110.2488349,72.95288156,708.4452685,481.4478457
2048,35,35,35,35,103.1555891,68.64714882,656.3130647,448.2946527
2048,40,40,40,40,97.82185202,65.42686224,616.9936454,422.3740882
2048,45,45,45,45,93.76461296,63.02200321,586.4203444,401.9387135
2048,50,50,50,50,90.6756186,61.25414609,562.1096241,385.8630229
2048,55,55,55,55,88.10714526,59.76662152,543.3805898,366.5230437
2048,60,60,60,60,86.40568084,58.94256406,527.3771637,357.2592549
2048,65,65,65,65,85.23274603,58.48629665,514.3172962,350.9570763
2048,70,70,70,70,84.52476915,58.35395274,503.7684258,347.6272603
2048,75,75,75,75,84.24443675,58.51436386,495.5140767,347.5831224
2048,80,80,80,80,84.28048952,58.99795098,486.749307,351.4554081
2048,85,85,85,85,84.86125305,59.68715627,483.4934421,361.6718787
2048,90,90,90,90,85.73466966,60.62661984,483.4934421,360.9380799
2048,95,95,95,95,86.84267808,61.81485722,483.4934421,360.3341201
2048,100,100,100,100,88.18909998,63.25587065,483.4934421,359.8667516
2048,105,105,105,105,89.78628952,64.95923605,483.4934421,359.8667516
2048,110,110,110,110,91.64412936,66.94057892,483.4934421,359.8667516
2049,5,5,5,5,231.2025057,135.8848858,1793.970537,1022.398293
2049,10,10,10,10,175.6202611,105.8374403,1316.505707,771.0203222
2049,15,15,15,15,143.964433,89.28137935,1030.977414,645.5753108
2049,20,20,20,20,124.8515426,78.82204942,867.8138388,565.500153
2049,25,25,25,25,112.0373621,71.49433584,764.6587655,509.0870389
2049,30,30,30,30,102.9852444,66.21273113,694.1025143,467.1622406
2049,35,35,35,35,96.33863154,62.3091231,643.0337023,434.9934778
2049,40,40,40,40,91.34160039,59.39195875,604.513627,409.8448882
2049,45,45,45,45,87.53910527,57.21531934,574.5595363,390.0207778
2049,50,50,50,50,84.64128233,55.61690334,550.7388958,374.4287717
2049,55,55,55,55,82.22869763,54.2706154,532.3463246,355.6493151
2049,60,60,60,60,80.62510873,53.52866748,516.6606601,346.6691905
2049,65,65,65,65,79.51398589,53.12049351,503.8566546,340.5624866
2049,70,70,70,70,78.83611794,53.0063529,493.510016,337.3377723
2049,75,75,75,75,78.55712737,53.15805063,485.4078314,337.295424
2049,80,80,80,80,78.56493912,53.6024389,476.7867788,341.0386393
2049,85,85,85,85,79.09312408,54.23468013,473.5700628,350.9030946
2049,90,90,90,90,79.89196114,55.09456226,473.5700628,350.1845559
2049,95,95,95,95,80.90441406,56.18089645,473.5700628,349.5889008
2049,100,100,100,100,82.13411303,57.49749659,473.5700628,349.1213283
2049,105,105,105,105,83.59292906,59.05326403,473.5700628,349.1213283
2049,110,110,110,110,85.28953675,60.86262652,473.5700628,349.1213283
2050,5,5,5,5,217.3654378,123.839115,1754.633504,989.7575798
2050,10,10,10,10,164.7616035,96.22160077,1288.113782,746.5975514
2050,15,15,15,15,134.8525081,81.10295657,1008.854593,625.1432618
2050,20,20,20,20,116.8419894,71.57671019,849.2413066,547.5985323
2050,25,25,25,25,104.7972345,64.91595955,748.3183771,492.9655297
2050,30,30,30,30,96.29985346,60.12067043,679.2828112,452.3642319
2050,35,35,35,35,90.06490834,56.57975648,629.3110872,421.212479
2050,40,40,40,40,85.37808747,53.93581369,591.6159617,396.8607694
2050,45,45,45,45,81.81028405,51.96471878,562.3012225,377.6667259
2050,50,50,50,50,79.08865038,50.51873864,538.9869697,362.5721387
2050,55,55,55,55,76.82004952,49.29933474,520.9553423,344.3728509
2050,60,60,60,60,75.30688703,48.63088961,505.5989588,335.6817697
2050,65,65,65,65,74.2530516,48.26545523,493.0608522,329.7721749
2050,70,70,70,70,73.60332788,48.16700879,482.9254322,326.65049
2050,75,75,75,75,73.32600795,48.31003213,474.9837428,326.6039946
2050,80,80,80,80,73.30949176,48.71886144,466.5206984,330.2078358
2050,85,85,85,85,73.78948921,49.29870744,463.351679,339.7048829
2050,90,90,90,90,74.52000403,50.08568261,463.351679,339.0011522
2050,95,95,95,95,75.44509319,51.07885567,463.351679,338.413296
2050,100,100,100,100,76.56820212,52.2818604,463.351679,337.9449198
2050,105,105,105,105,77.90077924,53.70297794,463.351679,337.9449198
2050,110,110,110,110,79.45038331,55.35554235,463.351679,337.9449198
